subject,http://purl.org/dc/terms/source,http://purl.org/dc/terms/description,http://www.w3.org/2000/01/rdf-schema#label,http://www.w3.org/1999/02/22-rdf-syntax-ns#type,http://www.w3.org/2004/02/skos/core#prefLabel,http://www.w3.org/2000/01/rdf-schema#comment,http://purl.org/vocab/vann/preferredNamespacePrefix,http://purl.org/vocab/vann/preferredNamespaceUri,http://purl.org/dc/terms/modified,http://purl.org/dc/terms/conformsTo,http://www.w3.org/2002/07/owl#imports,http://www.w3.org/2002/07/owl#versionIRI,http://purl.org/dc/terms/license,http://purl.org/dc/terms/created
https://isotc211.geolexica.org/api/sources#ISO-10303-2005,https://www.iso.org/standard/34006.html^^http://www.w3.org/2001/XMLSchema#anyURI,Industrial automation systems and integration — Product data representation and exchange — Part 227: Application protocol: Plant spatial configuration@en,ISO 10303-227:2005,http://www.w3.org/2002/07/owl#NamedIndividual,,,,,,,,,,
,,,,https://isotc211.geolexica.org/api/geolexica#Source,,,,,,,,,,
https://isotc211.geolexica.org/api/sources#ISO-19145-2013,https://www.iso.org/standard/32563.html^^http://www.w3.org/2001/XMLSchema#anyURI,Geographic information — Registry of representations of geographic point location@en,ISO 19145:2013,http://www.w3.org/2002/07/owl#NamedIndividual,,,,,,,,,,
,,,,https://isotc211.geolexica.org/api/geolexica#Source,,,,,,,,,,
https://isotc211.geolexica.org/api/sources#ISO-10746-3-1996,https://www.iso.org/standard/20697.html^^http://www.w3.org/2001/XMLSchema#anyURI,Information technology — Open Distributed Processing — Reference Model: Architecture@en,ISO/IEC 10746-3:1996,http://www.w3.org/2002/07/owl#NamedIndividual,,,,,,,,,,
,,,,https://isotc211.geolexica.org/api/geolexica#Source,,,,,,,,,,
https://isotc211.geolexica.org/api/sources#ISO-19118-2011,https://www.iso.org/standard/44212.html^^http://www.w3.org/2001/XMLSchema#anyURI,Geographic information — Encoding@en,ISO 19118:2011,http://www.w3.org/2002/07/owl#NamedIndividual,,,,,,,,,,
,,,,https://isotc211.geolexica.org/api/geolexica#Source,,,,,,,,,,
https://isotc211.geolexica.org/api/sources#UPU_Standards_Glossary,,,UPU Standards Glossary,http://www.w3.org/2002/07/owl#NamedIndividual,UPU Standards Glossary@en,Need source URI@en,,,,,,,,
,,,,https://isotc211.geolexica.org/api/geolexica#Source,,,,,,,,,,
https://isotc211.geolexica.org/api/sources#ISO-19101-2-2018,https://www.iso.org/standard/69325.html^^http://www.w3.org/2001/XMLSchema#anyURI,Geographic information — Reference model — Part 2: Imagery@en,ISO 19101-2:2018,http://www.w3.org/2002/07/owl#NamedIndividual,,,,,,,,,,
,,,,https://isotc211.geolexica.org/api/geolexica#Source,,,,,,,,,,
https://isotc211.geolexica.org/api/sources#ISO-19109-2005,,,ISO 19109:2005,http://www.w3.org/2002/07/owl#NamedIndividual,,,,,,,,,,
,,,,https://isotc211.geolexica.org/api/geolexica#Source,,,,,,,,,,
https://isotc211.geolexica.org/api/sources#ISO-19129-2009,https://www.iso.org/standard/43041.html^^http://www.w3.org/2001/XMLSchema#anyURI,"Geographic information — Imagery, gridded and coverage data framework@en",ISO/TS 19129:2009,http://www.w3.org/2002/07/owl#NamedIndividual,,,,,,,,,,
,,,,https://isotc211.geolexica.org/api/geolexica#Source,,,,,,,,,,
https://isotc211.geolexica.org/api/sources#ISO-19111-2019,https://www.iso.org/standard/74039.html^^http://www.w3.org/2001/XMLSchema#anyURI,Geographic information — Referencing by coordinates@en,ISO 19111:2019,http://www.w3.org/2002/07/owl#NamedIndividual,,,,,,,,,,
,,,,https://isotc211.geolexica.org/api/geolexica#Source,,,,,,,,,,
https://isotc211.geolexica.org/api/sources#UN-ECE-2004,,,"UN/ECE, 2004",http://www.w3.org/2002/07/owl#NamedIndividual,"UN/ECE, 2004@en",Need source URI@en,,,,,,,,
,,,,https://isotc211.geolexica.org/api/geolexica#Source,,,,,,,,,,
https://isotc211.geolexica.org/api/sources#ISO-19130-2010,https://www.iso.org/standard/51789.html^^http://www.w3.org/2001/XMLSchema#anyURI,Geographic information - Imagery sensor models for geopositioning@en,ISO/TS 19130:2010,http://www.w3.org/2002/07/owl#NamedIndividual,,,,,,,,,,
,,,,https://isotc211.geolexica.org/api/geolexica#Source,,,,,,,,,,
https://isotc211.geolexica.org/api/sources#ISO-IEC-19501-2005,https://www.iso.org/standard/32620.html^^http://www.w3.org/2001/XMLSchema#anyURI,Information technology — Open Distributed Processing — Unified Modeling Language (UML) Version 1.4.2@en,ISO/IEC 19501:2005,http://www.w3.org/2002/07/owl#NamedIndividual,,,,,,,,,,
,,,,https://isotc211.geolexica.org/api/geolexica#Source,,,,,,,,,,
https://isotc211.geolexica.org/api/sources#ISO-19141-2008,https://www.iso.org/standard/41445.html^^http://www.w3.org/2001/XMLSchema#anyURI,Geographic information — Schema for moving features@en,ISO 19141:2008,http://www.w3.org/2002/07/owl#NamedIndividual,,,,,,,,,,
,,,,https://isotc211.geolexica.org/api/geolexica#Source,,,,,,,,,,
https://isotc211.geolexica.org/api/sources#W3C-XML,,,W3C XML,http://www.w3.org/2002/07/owl#NamedIndividual,W3C XML@en,Need source URI@en,,,,,,,,
,,,,https://isotc211.geolexica.org/api/geolexica#Source,,,,,,,,,,
https://isotc211.geolexica.org/api/sources#ISO-19113-2002,https://www.iso.org/standard/26018.html^^http://www.w3.org/2001/XMLSchema#anyURI,Geographic information — Quality principles@en,ISO 19113:2002,http://www.w3.org/2002/07/owl#NamedIndividual,,,,,,,,,,
,,,,https://isotc211.geolexica.org/api/geolexica#Source,,,,,,,,,,
https://isotc211.geolexica.org/api/sources#ISO-19136-2-2015,https://www.iso.org/standard/61585.html^^http://www.w3.org/2001/XMLSchema#anyURI,Geographic information — Geography Markup Language (GML) — Part 2: Extended schemas and encoding rules@en,ISO 19136-2:2015,http://www.w3.org/2002/07/owl#NamedIndividual,,,,,,,,,,
,,,,https://isotc211.geolexica.org/api/geolexica#Source,,,,,,,,,,
https://isotc211.geolexica.org/api/sources#UML_Semantics,,,"OMG/UML UML Semantics, version 1.3, 1997.",http://www.w3.org/2002/07/owl#NamedIndividual,"OMG/UML UML Semantics, version 1.3, 1997.@en",Need source URI@en,,,,,,,,
,,,,https://isotc211.geolexica.org/api/geolexica#Source,,,,,,,,,,
https://isotc211.geolexica.org/api/sources#ISO-19154-2014,https://www.iso.org/standard/32572.html^^http://www.w3.org/2001/XMLSchema#anyURI,Geographic information — Ubiquitous public access — Reference model@en,ISO 19154:2014,http://www.w3.org/2002/07/owl#NamedIndividual,,,,,,,,,,
,,,,https://isotc211.geolexica.org/api/geolexica#Source,,,,,,,,,,
https://isotc211.geolexica.org/api/sources#ISO-19105-2000,https://www.iso.org/standard/26010.html^^http://www.w3.org/2001/XMLSchema#anyURI,Geographic information — Conformance and testing@en,ISO 19105:2000,http://www.w3.org/2002/07/owl#NamedIndividual,,,,,,,,,,
,,,,https://isotc211.geolexica.org/api/geolexica#Source,,,,,,,,,,
https://isotc211.geolexica.org/api/sources#CEOS_WGCV,,,CEOS WGCV,http://www.w3.org/2002/07/owl#NamedIndividual,CEOS WGCV@en,Need source URI@en,,,,,,,,
,,,,https://isotc211.geolexica.org/api/geolexica#Source,,,,,,,,,,
https://isotc211.geolexica.org/api/sources#ISO-19106-2004,https://www.iso.org/standard/37805.html^^http://www.w3.org/2001/XMLSchema#anyURI,Geographic information — Positioning services@en,ISO 19106:2004,http://www.w3.org/2002/07/owl#NamedIndividual,,,,,,,,,,
,,,,https://isotc211.geolexica.org/api/geolexica#Source,,,,,,,,,,
https://isotc211.geolexica.org/api/sources#VIM_Derived,,,Derived from VIM,http://www.w3.org/2002/07/owl#NamedIndividual,Derived from VIM@en,Need source URI@en,,,,,,,,
,,,,https://isotc211.geolexica.org/api/geolexica#Source,,See VIM:1993@en,,,,,,,,
https://isotc211.geolexica.org/api/sources#ISO-2859-5,https://www.iso.org/standard/39295.html^^http://www.w3.org/2001/XMLSchema#anyURI,Sampling procedures for inspection by attributes — Part 5: System of sequential sampling plans indexed by acceptance quality limit (AQL) for lot-by-lot inspection@en,ISO 2859-5:2005,http://www.w3.org/2002/07/owl#NamedIndividual,,,,,,,,,,
,,,,https://isotc211.geolexica.org/api/geolexica#Source,,,,,,,,,,
https://isotc211.geolexica.org/api/sources#ISO-19104-2008,https://www.iso.org/standard/45020.html^^http://www.w3.org/2001/XMLSchema#anyURI,Geographic information — Terminology@en,ISO/TS 19104:2008,http://www.w3.org/2002/07/owl#NamedIndividual,,,,,,,,,,
,,,,https://isotc211.geolexica.org/api/geolexica#Source,,,,,,,,,,
https://isotc211.geolexica.org/api/sources#Dictionary_Computing,,,"Dictionary of Computing, Fourth Edition, Oxford University Press",http://www.w3.org/2002/07/owl#NamedIndividual,"Dictionary of Computing, Fourth Edition, Oxford University Press@en",Need source URI@en,,,,,,,,
,,,,https://isotc211.geolexica.org/api/geolexica#Source,,,,,,,,,,
https://isotc211.geolexica.org/api/sources#ISO-19159-2014,https://www.iso.org/standard/60080.html^^http://www.w3.org/2001/XMLSchema#anyURI,Geographic information — Calibration and validation of remote sensing imagery sensors and data — Part 1: Optical sensors@en,ISO/TS 19159-1:2014,http://www.w3.org/2002/07/owl#NamedIndividual,,,,,,,,,,
,,,,https://isotc211.geolexica.org/api/geolexica#Source,,,,,,,,,,
https://isotc211.geolexica.org/api/sources#VIM_1993,,,VIM:1993,http://www.w3.org/2002/07/owl#NamedIndividual,VIM:1993@en,Need source URI@en,,,,,,,,
,,,,https://isotc211.geolexica.org/api/geolexica#Source,,,,,,,,,,
https://isotc211.geolexica.org/api/sources#ISO-19104-2016,https://www.iso.org/standard/63541.html^^http://www.w3.org/2001/XMLSchema#anyURI,Geographic information — Terminology@en,ISO 19104:2016,http://www.w3.org/2002/07/owl#NamedIndividual,,,,,,,,,,
,,,,https://isotc211.geolexica.org/api/geolexica#Source,,,,,,,,,,
https://isotc211.geolexica.org/api/sources#ISO-3534-2-2006,https://www.iso.org/standard/40147.html^^http://www.w3.org/2001/XMLSchema#anyURI,Statistics — Vocabulary and symbols — Part 2: Applied statistics@en,ISO 3534-2:2006,http://www.w3.org/2002/07/owl#NamedIndividual,,,,,,,,,,
,,,,https://isotc211.geolexica.org/api/geolexica#Source,,,,,,,,,,
https://isotc211.geolexica.org/api/sources#ISO-IEC-2382-2009,https://www.iso.org/standard/63598.html^^http://www.w3.org/2001/XMLSchema#anyURI,Information technology — Vocabulary@en,"ISO/IEC 2382:2009, 2121317",http://www.w3.org/2002/07/owl#NamedIndividual,,,,,,,,,,
,,,,https://isotc211.geolexica.org/api/geolexica#Source,,,,,,,,,,
https://isotc211.geolexica.org/api/sources#ISO-19160-2015,https://www.iso.org/standard/61710.html^^http://www.w3.org/2001/XMLSchema#anyURI,Addressing — Part 1: Conceptual model@en,ISO 19160-1:2015,http://www.w3.org/2002/07/owl#NamedIndividual,,,,,,,,,,
,,,,https://isotc211.geolexica.org/api/geolexica#Source,,,,,,,,,,
https://isotc211.geolexica.org/api/sources#ISO-19125-1-2004,https://www.iso.org/standard/40114.html^^http://www.w3.org/2001/XMLSchema#anyURI,Geographic information — Simple feature access — Part 1: Common architecture@en,ISO 19125-1:2004,http://www.w3.org/2002/07/owl#NamedIndividual,,,,,,,,,,
,,,,https://isotc211.geolexica.org/api/geolexica#Source,,,,,,,,,,
https://isotc211.geolexica.org/api/sources#ISO-19135-2005,https://www.iso.org/standard/32553.html^^http://www.w3.org/2001/XMLSchema#anyURI,Geographic information — Procedures for item registration@en,ISO 19135:2005,http://www.w3.org/2002/07/owl#NamedIndividual,,,,,,,,,,
,,,,https://isotc211.geolexica.org/api/geolexica#Source,,,,,,,,,,
https://isotc211.geolexica.org/api/sources#ISO-19162-2019,https://www.iso.org/standard/76496.html^^http://www.w3.org/2001/XMLSchema#anyURI,Geographic information — Well-known text representation of coordinate reference systems@en,ISO 19162:2019,http://www.w3.org/2002/07/owl#NamedIndividual,,,,,,,,,,
,,,,https://isotc211.geolexica.org/api/geolexica#Source,,,,,,,,,,
https://isotc211.geolexica.org/api/sources#Albota-2002,,,Albota 2002,http://www.w3.org/2002/07/owl#NamedIndividual,Albota 2002@en,Need source URI@en,,,,,,,,
,,,,https://isotc211.geolexica.org/api/geolexica#Source,,,,,,,,,,
https://isotc211.geolexica.org/api/sources#ISO-19117-2005,https://www.iso.org/standard/40395.html^^http://www.w3.org/2001/XMLSchema#anyURI,Geographic information — Portrayal@en,ISO 19117:2005,http://www.w3.org/2002/07/owl#NamedIndividual,,,,,,,,,,
,,,,https://isotc211.geolexica.org/api/geolexica#Source,,,,,,,,,,
https://isotc211.geolexica.org/api/sources#ISO-19157-2013,https://www.iso.org/standard/32575.html^^http://www.w3.org/2001/XMLSchema#anyURI,Geographic information — Data quality@en,ISO 19157:2013,http://www.w3.org/2002/07/owl#NamedIndividual,,,,,,,,,,
,,,,https://isotc211.geolexica.org/api/geolexica#Source,,,,,,,,,,
https://isotc211.geolexica.org/api/sources#TR_Law_Dict,http://dictionary.lp.findlaw.com/^^http://www.w3.org/2001/XMLSchema#anyURI,,"Thomson Reuters, “Law Dictionary,” FindLaw, for legal professionals, 2010, available at <http://dictionary.lp.findlaw.com/>",http://www.w3.org/2002/07/owl#NamedIndividual,"Thomson Reuters, “Law Dictionary,” FindLaw, for legal professionals, 2010, available at <http://dictionary.lp.findlaw.com/>@en",,,,,,,,,
,,,,https://isotc211.geolexica.org/api/geolexica#Source,,,,,,,,,,
https://isotc211.geolexica.org/api/sources#ISO-19155-2017,https://www.iso.org/standard/63593.html^^http://www.w3.org/2001/XMLSchema#anyURI,Geographic information — Place Identifier (PI) architecture — Part 2: Place Identifier (PI) linking@en,ISO 19155-2:2017,http://www.w3.org/2002/07/owl#NamedIndividual,,,,,,,,,,
,,,,https://isotc211.geolexica.org/api/geolexica#Source,,,,,,,,,,
https://isotc211.geolexica.org/api/sources#ISO-19147-2015,https://www.iso.org/standard/44874.html^^http://www.w3.org/2001/XMLSchema#anyURI,Geographic information — Transfer Nodes@en,ISO 19147:2015,http://www.w3.org/2002/07/owl#NamedIndividual,,,,,,,,,,
,,,,https://isotc211.geolexica.org/api/geolexica#Source,,,,,,,,,,
https://isotc211.geolexica.org/api/sources#OWL,,,OWL Web Ontology Language Guide,http://www.w3.org/2002/07/owl#NamedIndividual,OWL Web Ontology Language Guide@en,Need source URI@en,,,,,,,,
,,,,https://isotc211.geolexica.org/api/geolexica#Source,,,,,,,,,,
https://isotc211.geolexica.org/api/sources#W3C-XLink-2001,,,W3C XLink:2001,http://www.w3.org/2002/07/owl#NamedIndividual,W3C XLink:2001@en,Need source URI@en,,,,,,,,
,,,,https://isotc211.geolexica.org/api/geolexica#Source,,,,,,,,,,
https://isotc211.geolexica.org/api/sources#ISO-19103-2015,https://www.iso.org/standard/56734.html^^http://www.w3.org/2001/XMLSchema#anyURI,Geographic information — Conceptual schema language@en,ISO 19103:2015,http://www.w3.org/2002/07/owl#NamedIndividual,,,,,,,,,,
,,,,https://isotc211.geolexica.org/api/geolexica#Source,,,,,,,,,,
https://isotc211.geolexica.org/api/sources#UNFAO-LCCS-2005,,,UNFAO LCCS 2:2005,http://www.w3.org/2002/07/owl#NamedIndividual,UNFAO LCCS 2:2005@en,Need source URI@en,,,,,,,,
,,,,https://isotc211.geolexica.org/api/geolexica#Source,,,,,,,,,,
https://isotc211.geolexica.org/api/sources#OASIS-RAF,,,OASIS RAF,http://www.w3.org/2002/07/owl#NamedIndividual,OASIS RAF@en,Need source URI@en,,,,,,,,
,,,,https://isotc211.geolexica.org/api/geolexica#Source,,,,,,,,,,
https://isotc211.geolexica.org/api/sources#ISO-31-2-1992,https://www.iso.org/standard/3626.html^^http://www.w3.org/2001/XMLSchema#anyURI,Quantities and units — Part 2: Periodic and related phenomena@en,ISO 31-2:1992,http://www.w3.org/2002/07/owl#NamedIndividual,,,,,,,,,,
,,,,https://isotc211.geolexica.org/api/geolexica#Source,,,,,,,,,,
https://isotc211.geolexica.org/api/sources#ISO-19142-2010,https://www.iso.org/standard/42136.html^^http://www.w3.org/2001/XMLSchema#anyURI,Geographic information — Web Feature Service@en,ISO 19142:2010,http://www.w3.org/2002/07/owl#NamedIndividual,,,,,,,,,,
,,,,https://isotc211.geolexica.org/api/geolexica#Source,,,,,,,,,,
https://isotc211.geolexica.org/api/sources#ITU-R-686-1,,,"ITU-R Rec.TF.686-1 , (1997)",http://www.w3.org/2002/07/owl#NamedIndividual,"ITU-R Rec.TF.686-1 , (1997)@en",Need source URI@en,,,,,,,,
,,,,https://isotc211.geolexica.org/api/geolexica#Source,,,,,,,,,,
https://isotc211.geolexica.org/api/sources#ISO-IEC-9945-2009,https://www.iso.org/standard/50516.html^^http://www.w3.org/2001/XMLSchema#anyURI,"Information technology — Portable Operating System Interface (POSIX®) Base Specifications, Issue 7@en",ISO/IEC/IEEE 9945:2009,http://www.w3.org/2002/07/owl#NamedIndividual,,,,,,,,,,
,,,,https://isotc211.geolexica.org/api/geolexica#Source,,,,,,,,,,
https://isotc211.geolexica.org/api/sources#ISO-19146-2010,https://www.iso.org/standard/44873.html^^http://www.w3.org/2001/XMLSchema#anyURI,Geographic information — Cross-domain vocabularies@en,ISO 19146:2010,http://www.w3.org/2002/07/owl#NamedIndividual,,,,,,,,,,
,,,,https://isotc211.geolexica.org/api/geolexica#Source,,,,,,,,,,
https://isotc211.geolexica.org/api/sources#ISO-19143-2010,https://www.iso.org/standard/42137.html^^http://www.w3.org/2001/XMLSchema#anyURI,Geographic information — Filter encoding@en,ISO 19143:2010,http://www.w3.org/2002/07/owl#NamedIndividual,,,,,,,,,,
,,,,https://isotc211.geolexica.org/api/geolexica#Source,,,,,,,,,,
https://isotc211.geolexica.org/api/sources#Title-17-Sec-107,,,"U.S. legal term derived from Title 17 of the United States Code, Section 107",http://www.w3.org/2002/07/owl#NamedIndividual,"U.S. legal term derived from Title 17 of the United States Code, Section 107@en",Need source URI@en,,,,,,,,
,,,,https://isotc211.geolexica.org/api/geolexica#Source,,,,,,,,,,
https://isotc211.geolexica.org/api/sources#ISO-10746-3-2009,https://www.iso.org/standard/55724.html^^http://www.w3.org/2001/XMLSchema#anyURI,Information technology — Open distributed processing — Reference model: Architecture — Part 3:@en,ISO/IEC 10746-3:2009,http://www.w3.org/2002/07/owl#NamedIndividual,,,,,,,,,,
,,,,https://isotc211.geolexica.org/api/geolexica#Source,,,,,,,,,,
https://isotc211.geolexica.org/api/sources#ISO-19158-2012,https://www.iso.org/standard/32576.html^^http://www.w3.org/2001/XMLSchema#anyURI,Geographic information — Quality assurance of data supply@en,ISO/TS 19158:2012,http://www.w3.org/2002/07/owl#NamedIndividual,,,,,,,,,,
,,,,https://isotc211.geolexica.org/api/geolexica#Source,,,,,,,,,,
https://isotc211.geolexica.org/api/sources#ISO-19155-2012,https://www.iso.org/standard/32573.html^^http://www.w3.org/2001/XMLSchema#anyURI,Geographic information — Place Identifier (PI) architecture@en,ISO 19155:2012,http://www.w3.org/2002/07/owl#NamedIndividual,,,,,,,,,,
,,,,https://isotc211.geolexica.org/api/geolexica#Source,,,,,,,,,,
https://isotc211.geolexica.org/api/sources#Manual_Photogram,,,Manual of Photogrammetry,http://www.w3.org/2002/07/owl#NamedIndividual,Manual of Photogrammetry@en,Need source URI@en,,,,,,,,
,,,,https://isotc211.geolexica.org/api/geolexica#Source,,,,,,,,,,
https://isotc211.geolexica.org/api/sources#IAG_IUGG,,,IAG and IUGG resolutions of 1991 and 2007,http://www.w3.org/2002/07/owl#NamedIndividual,IAG and IUGG resolutions of 1991 and 2007@en,Need source URI@en,,,,,,,,
,,,,https://isotc211.geolexica.org/api/geolexica#Source,,,,,,,,,,
https://isotc211.geolexica.org/api/sources#ISO-19146-2018,https://www.iso.org/standard/72217.html^^http://www.w3.org/2001/XMLSchema#anyURI,Geographic information — Cross-domain vocabularies@en,ISO 19146:2018,http://www.w3.org/2002/07/owl#NamedIndividual,,,,,,,,,,
,,,,https://isotc211.geolexica.org/api/geolexica#Source,,,,,,,,,,
https://isotc211.geolexica.org/api/sources#Implem_Spec_St_Law,,,Implementation Specification — a Draught Information System for the St. Lawrence Seaway,http://www.w3.org/2002/07/owl#NamedIndividual,Implementation Specification — a Draught Information System for the St. Lawrence Seaway@en,Need source URI@en,,,,,,,,
,,,,https://isotc211.geolexica.org/api/geolexica#Source,,,,,,,,,,
https://isotc211.geolexica.org/api/sources#ISO-19130-2-2014,https://www.iso.org/standard/56113.html^^http://www.w3.org/2001/XMLSchema#anyURI,"Geographic information — Imagery sensor models for geopositioning — Part 2: SAR, InSAR, lidar and sonar@en",ISO/TS 19130-2:2014,http://www.w3.org/2002/07/owl#NamedIndividual,,,,,,,,,,
,,,,https://isotc211.geolexica.org/api/geolexica#Source,,,,,,,,,,
https://isotc211.geolexica.org/api/sources#STM_E2544,,,STM E2544,http://www.w3.org/2002/07/owl#NamedIndividual,STM E2544@en,Need source URI@en,,,,,,,,
,,,,https://isotc211.geolexica.org/api/geolexica#Source,,,,,,,,,,
https://isotc211.geolexica.org/api/sources#,,Sources RDF Dataset (MLGT)@en,Sources RDF Dataset (MLGT),http://purl.org/dc/dcmitype/Dataset,,,sources,https://isotc211.geolexica.org/api/sources#,2022-02-12^^http://www.w3.org/2001/XMLSchema#date,https://isotc211.geolexica.org/api/geolexica/v1.0/,https://isotc211.geolexica.org/api/geolexica/v1.0/,https://isotc211.geolexica.org/api/sources/v1.0/,Copyright 2022 OSGeo,2022-01-26^^http://www.w3.org/2001/XMLSchema#date
,,,,http://www.w3.org/2002/07/owl#NamedIndividual,,,,,,,,,,
,,,,http://www.w3.org/2002/07/owl#Ontology,,,,,,,,,,
https://isotc211.geolexica.org/api/sources#IHO_Hydro_Dict,,,IHO Hydrographic Dictionary,http://www.w3.org/2002/07/owl#NamedIndividual,IHO Hydrographic Dictionary@en,Need source URI@en,,,,,,,,
,,,,https://isotc211.geolexica.org/api/geolexica#Source,,,,,,,,,,
https://isotc211.geolexica.org/api/sources#Jensen_1994,,,"Jensen et al., (1994)",http://www.w3.org/2002/07/owl#NamedIndividual,"Jensen et al., (1994)@en",Need source URI@en,,,,,,,,
,,,,https://isotc211.geolexica.org/api/geolexica#Source,,,,,,,,,,
https://isotc211.geolexica.org/api/sources#ISO-14721-2012,https://www.iso.org/standard/57284.html^^http://www.w3.org/2001/XMLSchema#anyURI,Space data and information transfer systems — Open archival information system (OAIS) — Reference model@en,ISO 14721:2012,http://www.w3.org/2002/07/owl#NamedIndividual,,,,,,,,,,
,,,,https://isotc211.geolexica.org/api/geolexica#Source,,,,,,,,,,
https://isotc211.geolexica.org/api/sources#ISO-19112-2003,https://www.iso.org/standard/26017.html^^http://www.w3.org/2001/XMLSchema#anyURI,Geographic information — Spatial referencing by geographic identifiers@en,ISO 19112:2003,http://www.w3.org/2002/07/owl#NamedIndividual,,,,,,,,,,
,,,,https://isotc211.geolexica.org/api/geolexica#Source,,,,,,,,,,
https://isotc211.geolexica.org/api/sources#ISO-19132-2007,https://www.iso.org/standard/40601.html^^http://www.w3.org/2001/XMLSchema#anyURI,Geographic information — Location-based services — Reference model@en,ISO 19132:2007,http://www.w3.org/2002/07/owl#NamedIndividual,,,,,,,,,,
,,,,https://isotc211.geolexica.org/api/geolexica#Source,,,,,,,,,,
https://isotc211.geolexica.org/api/sources#ISO-19150-2015,https://www.iso.org/standard/57466.html^^http://www.w3.org/2001/XMLSchema#anyURI,Geographic information — Ontology — Part 2: Rules for developing ontologies in the Web Ontology Language (OWL)@en,ISO 19150-2:2015,http://www.w3.org/2002/07/owl#NamedIndividual,,,,,,,,,,
,,,,https://isotc211.geolexica.org/api/geolexica#Source,,,,,,,,,,
https://isotc211.geolexica.org/api/sources#Booch_1999,,,Booch 1999,http://www.w3.org/2002/07/owl#NamedIndividual,Booch 1999@en,Need source URI@en,,,,,,,,
,,,,https://isotc211.geolexica.org/api/geolexica#Source,,,,,,,,,,
https://isotc211.geolexica.org/api/sources#ISO-19136-2007,https://www.iso.org/standard/32554.html^^http://www.w3.org/2001/XMLSchema#anyURI,Geographic information — Geography Markup Language (GML)@en,ISO 19136:2007,http://www.w3.org/2002/07/owl#NamedIndividual,,,,,,,,,,
,,,,https://isotc211.geolexica.org/api/geolexica#Source,,,,,,,,,,
https://isotc211.geolexica.org/api/sources#ISO-IEC-2382-2015,https://www.iso.org/standard/63598.html^^http://www.w3.org/2001/XMLSchema#anyURI,Information technology — Vocabulary@en,ISO/IEC 2382:2015,http://www.w3.org/2002/07/owl#NamedIndividual,,,,,,,,,,
,,,,https://isotc211.geolexica.org/api/geolexica#Source,,,,,,,,,,
https://isotc211.geolexica.org/api/sources#FindLaw,,,FindLaw,http://www.w3.org/2002/07/owl#NamedIndividual,FindLaw@en,Need source URI@en,,,,,,,,
,,,,https://isotc211.geolexica.org/api/geolexica#Source,,,,,,,,,,
https://isotc211.geolexica.org/api/sources#ISO-Guide-99-2007,https://www.iso.org/standard/45324.html^^http://www.w3.org/2001/XMLSchema#anyURI,International vocabulary of metrology — Basic and general concepts and associated terms (VIM)@en,ISO/IEC Guide 99:2007,http://www.w3.org/2002/07/owl#NamedIndividual,,,,,,,,,,
,,,,https://isotc211.geolexica.org/api/geolexica#Source,,,,,,,,,,
https://isotc211.geolexica.org/api/sources#ISO-19156-2011,https://www.iso.org/standard/32574.html^^http://www.w3.org/2001/XMLSchema#anyURI,Geographic information — Observations and measurements@en,ISO 19156:2011,http://www.w3.org/2002/07/owl#NamedIndividual,,,,,,,,,,
,,,,https://isotc211.geolexica.org/api/geolexica#Source,,,,,,,,,,
https://isotc211.geolexica.org/api/sources#ISO-19111-2-2009,https://www.iso.org/standard/44075.html^^http://www.w3.org/2001/XMLSchema#anyURI,Geographic information — Spatial referencing by coordinates — Part 2: Extension for parametric values@en,ISO 19111-2:2009,http://www.w3.org/2002/07/owl#NamedIndividual,,,,,,,,,,
,,,,https://isotc211.geolexica.org/api/geolexica#Source,,,,,,,,,,
https://isotc211.geolexica.org/api/sources#ISO-19111-2007,https://www.iso.org/standard/41126.html^^http://www.w3.org/2001/XMLSchema#anyURI,Geographic information — Spatial referencing by coordinates@en,ISO 19111:2007,http://www.w3.org/2002/07/owl#NamedIndividual,,,,,,,,,,
,,,,https://isotc211.geolexica.org/api/geolexica#Source,,,,,,,,,,
https://isotc211.geolexica.org/api/sources#ISO-19101-1-2014,https://www.iso.org/standard/59164.html^^http://www.w3.org/2001/XMLSchema#anyURI,Geographic information — Reference model — Part 1: Fundamentals@en,ISO 19101-1:2014,http://www.w3.org/2002/07/owl#NamedIndividual,,,,,,,,,,
,,,,https://isotc211.geolexica.org/api/geolexica#Source,,,,,,,,,,
https://isotc211.geolexica.org/api/sources#ISO-19128-2005,https://www.iso.org/standard/32546.html^^http://www.w3.org/2001/XMLSchema#anyURI,Geographic information — Web map server interface@en,ISO 19128:2005,http://www.w3.org/2002/07/owl#NamedIndividual,,,,,,,,,,
,,,,https://isotc211.geolexica.org/api/geolexica#Source,,,,,,,,,,
https://isotc211.geolexica.org/api/sources#ISO-27790-2009,https://www.iso.org/standard/44316.html^^http://www.w3.org/2001/XMLSchema#anyURI,Health informatics — Document registry framework@en,ISO/TS 27790:2009,http://www.w3.org/2002/07/owl#NamedIndividual,,,,,,,,,,
,,,,https://isotc211.geolexica.org/api/geolexica#Source,,,,,,,,,,
https://isotc211.geolexica.org/api/sources#ISO-19126-2009,https://www.iso.org/standard/44875.html^^http://www.w3.org/2001/XMLSchema#anyURI,Geographic information — Feature concept dictionaries and registers@en,ISO 19126:2009,http://www.w3.org/2002/07/owl#NamedIndividual,,,,,,,,,,
,,,,https://isotc211.geolexica.org/api/geolexica#Source,,,,,,,,,,
https://isotc211.geolexica.org/api/sources#W3C-Web-Srvc-Gloss,,,"W3C, Web Services Glossary",http://www.w3.org/2002/07/owl#NamedIndividual,"W3C, Web Services Glossary@en",Need source URI@en,,,,,,,,
,,,,https://isotc211.geolexica.org/api/geolexica#Source,,,,,,,,,,
https://isotc211.geolexica.org/api/sources#ISO-22028-1-2016,https://www.iso.org/standard/68761.html^^http://www.w3.org/2001/XMLSchema#anyURI,"Photography and graphic technology — Extended colour encodings for digital image storage, manipulation and interchange — Part 1: Architecture and requirements@en",ISO 22028-1:2016,http://www.w3.org/2002/07/owl#NamedIndividual,,,,,,,,,,
,,,,https://isotc211.geolexica.org/api/geolexica#Source,,,,,,,,,,
https://isotc211.geolexica.org/api/sources#ISO-19115-2-2019,https://www.iso.org/standard/67039.html^^http://www.w3.org/2001/XMLSchema#anyURI,Geographic information — Metadata — Part 2: Extensions for acquisition and processing@en,ISO 19115-2:2019,http://www.w3.org/2002/07/owl#NamedIndividual,,,,,,,,,,
,,,,https://isotc211.geolexica.org/api/geolexica#Source,,,,,,,,,,
https://isotc211.geolexica.org/api/sources#ISO-19112-2019,https://www.iso.org/standard/70742.html^^http://www.w3.org/2001/XMLSchema#anyURI,Geographic information — Spatial referencing by geographic identifiers@en,ISO 19112:2019,http://www.w3.org/2002/07/owl#NamedIndividual,,,,,,,,,,
,,,,https://isotc211.geolexica.org/api/geolexica#Source,,,,,,,,,,
https://isotc211.geolexica.org/api/sources#IERS_Conv_2010,,,IERS Conventions 2010,http://www.w3.org/2002/07/owl#NamedIndividual,IERS Conventions 2010@en,Need source URI@en,,,,,,,,
,,,,https://isotc211.geolexica.org/api/geolexica#Source,,,,,,,,,,
https://isotc211.geolexica.org/api/sources#ISO-Guide-2-2004,https://www.iso.org/standard/39976.html^^http://www.w3.org/2001/XMLSchema#anyURI,Standardization and related activities — General vocabulary@en,ISO/IEC Guide 2:2004,http://www.w3.org/2002/07/owl#NamedIndividual,,,,,,,,,,
,,,,https://isotc211.geolexica.org/api/geolexica#Source,,,,,,,,,,
https://isotc211.geolexica.org/api/sources#ISO-19116-2019,https://www.iso.org/standard/70882.html^^http://www.w3.org/2001/XMLSchema#anyURI,Geographic information — Positioning services@en,ISO 19116:2019,http://www.w3.org/2002/07/owl#NamedIndividual,,,,,,,,,,
,,,,https://isotc211.geolexica.org/api/geolexica#Source,,,,,,,,,,
https://isotc211.geolexica.org/api/sources#ISO-19163-2016,https://www.iso.org/standard/32581.html^^http://www.w3.org/2001/XMLSchema#anyURI,Geographic information — Content components and encoding rules for imagery and gridded data — Part 1: Content model@en,ISO/TS 19163-1:2016,http://www.w3.org/2002/07/owl#NamedIndividual,,,,,,,,,,
,,,,https://isotc211.geolexica.org/api/geolexica#Source,,,,,,,,,,
https://isotc211.geolexica.org/api/sources#ISO-IEC-10746-2009,https://www.iso.org/standard/55723.html^^http://www.w3.org/2001/XMLSchema#anyURI,Information technology — Open distributed processing — Reference model: Foundations — Part 2:@en,ISO/IEC 10746-2:2009,http://www.w3.org/2002/07/owl#NamedIndividual,,,,,,,,,,
,,,,https://isotc211.geolexica.org/api/geolexica#Source,,,,,,,,,,
https://isotc211.geolexica.org/api/sources#ISO-19161-2020,,,ISO 19161-1:2020,http://www.w3.org/2002/07/owl#NamedIndividual,,,,,,,,,,
,,,,https://isotc211.geolexica.org/api/geolexica#Source,,,,,,,,,,
https://isotc211.geolexica.org/api/sources#ISO-19144-1-2009,https://www.iso.org/standard/32562.html^^http://www.w3.org/2001/XMLSchema#anyURI,Geographic information — Classification systems — Part 1: Classification system structure@en,ISO 19144-1:2009,http://www.w3.org/2002/07/owl#NamedIndividual,,,,,,,,,,
,,,,https://isotc211.geolexica.org/api/geolexica#Source,,,,,,,,,,
https://isotc211.geolexica.org/api/sources#ANSI-T1-523-2001,,,ANSI T1.523-2001,http://www.w3.org/2002/07/owl#NamedIndividual,ANSI T1.523-2001@en,Need source URI@en,,,,,,,,
,,,,https://isotc211.geolexica.org/api/geolexica#Source,,,,,,,,,,
https://isotc211.geolexica.org/api/sources#ISO-19115-1-2014,https://www.iso.org/standard/53798.html^^http://www.w3.org/2001/XMLSchema#anyURI,Geographic information — Metadata — Part 1: Fundamentals@en,ISO 19115-1:2014,http://www.w3.org/2002/07/owl#NamedIndividual,,,,,,,,,,
,,,,https://isotc211.geolexica.org/api/geolexica#Source,,,,,,,,,,
https://isotc211.geolexica.org/api/sources#ISO-2859-1,https://www.iso.org/standard/1141.html^^http://www.w3.org/2001/XMLSchema#anyURI,Sampling procedures for inspection by attributes — Part 1: Sampling schemes indexed by acceptance quality limit (AQL) for lot-by-lot inspection@en,ISO 2859-1,http://www.w3.org/2002/07/owl#NamedIndividual,,,,,,,,,,
,,,,https://isotc211.geolexica.org/api/geolexica#Source,,,,,,,,,,
https://isotc211.geolexica.org/api/sources#ISO-6709-2008,https://www.iso.org/standard/39242.html^^http://www.w3.org/2001/XMLSchema#anyURI,Standard representation of geographic point location by coordinates@en,ISO 6709:2008,http://www.w3.org/2002/07/owl#NamedIndividual,,,,,,,,,,
,,,,https://isotc211.geolexica.org/api/geolexica#Source,,,,,,,,,,
https://isotc211.geolexica.org/api/sources#ISO-19138-2006,https://www.iso.org/standard/32556.html^^http://www.w3.org/2001/XMLSchema#anyURI,Geographic information — Data quality measures@en,ISO/TS 19138:2006,http://www.w3.org/2002/07/owl#NamedIndividual,,,,,,,,,,
,,,,https://isotc211.geolexica.org/api/geolexica#Source,,,,,,,,,,
https://isotc211.geolexica.org/api/sources#ISO-19153-2014,https://www.iso.org/standard/32571.html^^http://www.w3.org/2001/XMLSchema#anyURI,Geospatial Digital Rights Management Reference Model (GeoDRM RM)@en,ISO 19153:2014,http://www.w3.org/2002/07/owl#NamedIndividual,,,,,,,,,,
,,,,https://isotc211.geolexica.org/api/geolexica#Source,,,,,,,,,,
https://isotc211.geolexica.org/api/sources#ISO-19148-2012,https://www.iso.org/standard/32566.html^^http://www.w3.org/2001/XMLSchema#anyURI,Geographic information — Linear referencing@en,ISO 19148:2012,http://www.w3.org/2002/07/owl#NamedIndividual,,,,,,,,,,
,,,,https://isotc211.geolexica.org/api/geolexica#Source,,,,,,,,,,
https://isotc211.geolexica.org/api/sources#ISO-5127-2001,https://www.iso.org/standard/33636.html^^http://www.w3.org/2001/XMLSchema#anyURI,Information and documentation — Vocabulary@en,ISO 5127:2001,http://www.w3.org/2002/07/owl#NamedIndividual,,,,,,,,,,
,,,,https://isotc211.geolexica.org/api/geolexica#Source,,,,,,,,,,
https://isotc211.geolexica.org/api/sources#searchcio-techtarget,https://searchcio.techtarget.com/^^http://www.w3.org/2001/XMLSchema#anyURI,,https://searchcio.techtarget.com/,http://www.w3.org/2002/07/owl#NamedIndividual,https://searchcio.techtarget.com/@en,,,,,,,,,
,,,,https://isotc211.geolexica.org/api/geolexica#Source,,,,,,,,,,
https://isotc211.geolexica.org/api/sources#UML-2,https://www.omg.org/spec/UML/2.0/^^http://www.w3.org/2001/XMLSchema#anyURI,"The Unified Modeling Language (UML) is a language for specifying, constructing, visualizing, and documenting the artifacts of a software-intensive system.@en",Unified Modeling Language 2.0,http://www.w3.org/2002/07/owl#NamedIndividual,UML 2.0@en,,,,,,,,,
,,,,https://isotc211.geolexica.org/api/geolexica#Source,,,,,,,,,,
https://isotc211.geolexica.org/api/sources#ISO-19125-2-2004,https://www.iso.org/standard/40115.html^^http://www.w3.org/2001/XMLSchema#anyURI,Geographic information — Simple feature access — Part 2: SQL option@en,ISO 19125-2:2004,http://www.w3.org/2002/07/owl#NamedIndividual,,,,,,,,,,
,,,,https://isotc211.geolexica.org/api/geolexica#Source,,,,,,,,,,
https://isotc211.geolexica.org/api/sources#ISO-19159-2018,https://www.iso.org/standard/74032.html^^http://www.w3.org/2001/XMLSchema#anyURI,Geographic information — Calibration and validation of remote sensing imagery sensors and data — Part 3: SAR/InSAR@en,ISO/TS 19159-3:2018,http://www.w3.org/2002/07/owl#NamedIndividual,,,,,,,,,,
,,,,https://isotc211.geolexica.org/api/geolexica#Source,,,,,,,,,,
https://isotc211.geolexica.org/api/sources#IEC-60050-845,https://webstore.iec.ch/publication/268^^http://www.w3.org/2001/XMLSchema#anyURI,International Electrotechnical Vocabulary (IEV) - Part 845: Lighting@en,IEC 60050-845:1987,http://www.w3.org/2002/07/owl#NamedIndividual,,,,,,,,,,
,,,,https://isotc211.geolexica.org/api/geolexica#Source,,,,,,,,,,
https://isotc211.geolexica.org/api/sources#ISO-19110-2005,https://www.iso.org/standard/44459.html^^http://www.w3.org/2001/XMLSchema#anyURI,Geographic information — Methodology for feature cataloguing — Amendment 1@en,ISO 19110:2005/Amd 1:2011,http://www.w3.org/2002/07/owl#NamedIndividual,,,,,,,,,,
,,,,https://isotc211.geolexica.org/api/geolexica#Source,,,,,,,,,,
https://isotc211.geolexica.org/api/sources#ISO-IEC-2382-1993,https://www.iso.org/standard/63598.html^^http://www.w3.org/2001/XMLSchema#anyURI,Information technology — Vocabulary@en,ISO/IEC 2382-1:1993,http://www.w3.org/2002/07/owl#NamedIndividual,,,,,,,,,,
,,,,https://isotc211.geolexica.org/api/geolexica#Source,,,,,,,,,,
https://isotc211.geolexica.org/api/sources#Aull_et_al,,,Aull et al. 2002,http://www.w3.org/2002/07/owl#NamedIndividual,Aull et al. 2002@en,Need source URI@en,,,,,,,,
,,,,https://isotc211.geolexica.org/api/geolexica#Source,,,,,,,,,,
https://isotc211.geolexica.org/api/sources#ISO-19162-2015,https://www.iso.org/standard/63094.html^^http://www.w3.org/2001/XMLSchema#anyURI,Geographic information — Well-known text representation of coordinate reference systems@en,ISO 19162:2015,http://www.w3.org/2002/07/owl#NamedIndividual,,,,,,,,,,
,,,,https://isotc211.geolexica.org/api/geolexica#Source,,,,,,,,,,
https://isotc211.geolexica.org/api/sources#ISO-19133-2005,https://www.iso.org/standard/32551.html^^http://www.w3.org/2001/XMLSchema#anyURI,Geographic information — Location-based services — Tracking and navigation@en,ISO 19133:2005,http://www.w3.org/2002/07/owl#NamedIndividual,,,,,,,,,,
,,,,https://isotc211.geolexica.org/api/geolexica#Source,,,,,,,,,,
https://isotc211.geolexica.org/api/sources#ISO-19115-2-2009,https://www.iso.org/standard/39229.html^^http://www.w3.org/2001/XMLSchema#anyURI,Geographic information — Metadata — Part 2: Extensions for imagery and gridded data@en,ISO 19115-2:2009,http://www.w3.org/2002/07/owl#NamedIndividual,,,,,,,,,,
,,,,https://isotc211.geolexica.org/api/geolexica#Source,,,,,,,,,,
https://isotc211.geolexica.org/api/sources#RDF,,,"RDF, Resource Description Framework",http://www.w3.org/2002/07/owl#NamedIndividual,"RDF, Resource Description Framework@en",Need source URI@en,,,,,,,,
,,,,https://isotc211.geolexica.org/api/geolexica#Source,,,,,,,,,,
https://isotc211.geolexica.org/api/sources#IBM_Rational_System,,,IBM Rational System Developer,http://www.w3.org/2002/07/owl#NamedIndividual,IBM Rational System Developer@en,Need source URI@en,,,,,,,,
,,,,https://isotc211.geolexica.org/api/geolexica#Source,,,,,,,,,,
https://isotc211.geolexica.org/api/sources#IEC-88528-2004,https://webstore.iec.ch/publication/7512^^http://www.w3.org/2001/XMLSchema#anyURI,Reciprocating internal combustion engine driven alternating current generating sets - Part 11: Rotary uninterruptible power systems - Performance requirements and test methods@en,IEC 88528-11:2004,http://www.w3.org/2002/07/owl#NamedIndividual,,,,,,,,,,
,,,,https://isotc211.geolexica.org/api/geolexica#Source,,,,,,,,,,
https://isotc211.geolexica.org/api/sources#ISO-80000-7-2008,https://www.iso.org/standard/31892.html^^http://www.w3.org/2001/XMLSchema#anyURI,ISO 80000-7:2008 Quantities and units — Part 7: Light@en,ISO 80000-7:2008,http://www.w3.org/2002/07/owl#NamedIndividual,,,,,,,,,,
,,,,https://isotc211.geolexica.org/api/geolexica#Source,,,,,,,,,,
https://isotc211.geolexica.org/api/sources#ISO-860-2007,https://www.iso.org/standard/40130.html^^http://www.w3.org/2001/XMLSchema#anyURI,Terminology work — Harmonization of concepts and terms@en,ISO 860:2007,http://www.w3.org/2002/07/owl#NamedIndividual,,,,,,,,,,
,,,,https://isotc211.geolexica.org/api/geolexica#Source,,,,,,,,,,
https://isotc211.geolexica.org/api/sources#ISO-19118-2005,https://www.iso.org/standard/37796.html^^http://www.w3.org/2001/XMLSchema#anyURI,Geographic information — Encoding@en,ISO 19118:2005,http://www.w3.org/2002/07/owl#NamedIndividual,,,,,,,,,,
,,,,https://isotc211.geolexica.org/api/geolexica#Source,,,,,,,,,,
https://isotc211.geolexica.org/api/sources#Palmer_Dodge_LLP,,,"Derived from Palmer & Dodge, LLP",http://www.w3.org/2002/07/owl#NamedIndividual,"Derived from Palmer & Dodge, LLP@en",Need source URI@en,,,,,,,,
,,,,https://isotc211.geolexica.org/api/geolexica#Source,,,,,,,,,,
https://isotc211.geolexica.org/api/sources#ISO-19144-2-2012,https://www.iso.org/standard/44342.html^^http://www.w3.org/2001/XMLSchema#anyURI,Geographic information - Classification systems — Part 2: Land Cover Meta Language (LCML)@en,ISO 19144-2:2012,http://www.w3.org/2002/07/owl#NamedIndividual,,,,,,,,,,
,,,,https://isotc211.geolexica.org/api/geolexica#Source,,,,,,,,,,
https://isotc211.geolexica.org/api/sources#ISO-19107-2003,https://www.iso.org/standard/26012.html^^http://www.w3.org/2001/XMLSchema#anyURI,Geographic information — Spatial schema@en,ISO 19107:2003,http://www.w3.org/2002/07/owl#NamedIndividual,,,,,,,,,,
,,,,https://isotc211.geolexica.org/api/geolexica#Source,,,,,,,,,,
https://isotc211.geolexica.org/api/sources#ISO-9000-2015,https://www.iso.org/standard/45481.html^^http://www.w3.org/2001/XMLSchema#anyURI,Quality management systems — Fundamentals and vocabulary@en,ISO 9000:2015,http://www.w3.org/2002/07/owl#NamedIndividual,,,,,,,,,,
,,,,https://isotc211.geolexica.org/api/geolexica#Source,,,,,,,,,,
https://isotc211.geolexica.org/api/sources#New_Concepts_BASIS,,,New Concepts in BASIS Licensing,http://www.w3.org/2002/07/owl#NamedIndividual,New Concepts in BASIS Licensing@en,Need source URI@en,,,,,,,,
,,,,https://isotc211.geolexica.org/api/geolexica#Source,,,,,,,,,,
https://isotc211.geolexica.org/api/sources#ISO-IEC-10746-3-2009,https://www.iso.org/standard/55724.html^^http://www.w3.org/2001/XMLSchema#anyURI,Information technology — Open distributed processing — Reference model: Architecture — Part 3:@en,ISO/IEC 10746-3:2009,http://www.w3.org/2002/07/owl#NamedIndividual,,,,,,,,,,
,,,,https://isotc211.geolexica.org/api/geolexica#Source,,,,,,,,,,
https://isotc211.geolexica.org/api/sources#ISO-19135-1-2015,https://www.iso.org/standard/54721.html^^http://www.w3.org/2001/XMLSchema#anyURI,Geographic information — Procedures for item registration — Part 1: Fundamentals@en,ISO 19135-1:2015,http://www.w3.org/2002/07/owl#NamedIndividual,,,,,,,,,,
,,,,https://isotc211.geolexica.org/api/geolexica#Source,,,,,,,,,,
https://isotc211.geolexica.org/api/sources#ISO-3534-1-1993,https://www.iso.org/standard/8919.html^^http://www.w3.org/2001/XMLSchema#anyURI,Statistics — Vocabulary and symbols — Part 1: Probability and general statistical terms@en,ISO 3534-1:1993,http://www.w3.org/2002/07/owl#NamedIndividual,,,,,,,,,,
,,,,https://isotc211.geolexica.org/api/geolexica#Source,,,,,,,,,,
https://isotc211.geolexica.org/api/sources#ISO-21000-5,https://www.iso.org/standard/36095.html^^http://www.w3.org/2001/XMLSchema#anyURI,Information technology — Multimedia framework (MPEG-21) — Part 5: Rights Expression Language@en,ISO/IEC 21000-5:2004,http://www.w3.org/2002/07/owl#NamedIndividual,,,,,,,,,,
,,,,https://isotc211.geolexica.org/api/geolexica#Source,,,,,,,,,,
https://isotc211.geolexica.org/api/sources#ISO-19152-2012,https://www.iso.org/standard/51206.html^^http://www.w3.org/2001/XMLSchema#anyURI,Geographic information — Land Administration Domain Model (LADM)@en,ISO 19152:2012,http://www.w3.org/2002/07/owl#NamedIndividual,,,,,,,,,,
,,,,https://isotc211.geolexica.org/api/geolexica#Source,,,,,,,,,,
https://isotc211.geolexica.org/api/sources#NISTIR_7117,,,NISTIR 7117,http://www.w3.org/2002/07/owl#NamedIndividual,NISTIR 7117@en,Need source URI@en,,,,,,,,
,,,,https://isotc211.geolexica.org/api/geolexica#Source,,,,,,,,,,
https://isotc211.geolexica.org/api/sources#ISO-9075-2016,https://www.iso.org/standard/63556.html^^http://www.w3.org/2001/XMLSchema#anyURI,Information technology — Database languages — SQL — Part 2: Foundation (SQL/Foundation)@en,ISO/IEC 9075-2:2016,http://www.w3.org/2002/07/owl#NamedIndividual,,,,,,,,,,
,,,,https://isotc211.geolexica.org/api/geolexica#Source,,,,,,,,,,
https://isotc211.geolexica.org/api/sources#ISO-10000-1-1998,https://www.iso.org/standard/30726.html^^http://www.w3.org/2001/XMLSchema#anyURI,Information technology — Framework and taxonomy of International Standardized Profiles — Part 1: General principles and documentation framework@en,ISO/IEC TR 10000-1:1998,http://www.w3.org/2002/07/owl#NamedIndividual,,,,,,,,,,
,,,,https://isotc211.geolexica.org/api/geolexica#Source,,,,,,,,,,
https://isotc211.geolexica.org/api/sources#ISO-19101-2002,https://www.iso.org/standard/26002.html^^http://www.w3.org/2001/XMLSchema#anyURI,Geographic information — Reference model@en,ISO 19101:2002,http://www.w3.org/2002/07/owl#NamedIndividual,,,,,,,,,,
,,,,https://isotc211.geolexica.org/api/geolexica#Source,,,,,,,,,,
https://isotc211.geolexica.org/api/sources#ISO-19109-2015,https://www.iso.org/standard/59193.html^^http://www.w3.org/2001/XMLSchema#anyURI,Geographic information — Rules for application schema@en,ISO 19109:2015,http://www.w3.org/2002/07/owl#NamedIndividual,,,,,,,,,,
,,,,https://isotc211.geolexica.org/api/geolexica#Source,,,,,,,,,,
https://isotc211.geolexica.org/api/sources#XrML-2-spec,,,XrML 2.0 specification,http://www.w3.org/2002/07/owl#NamedIndividual,XrML 2.0 specification@en,Need source URI@en,,,,,,,,
,,,,https://isotc211.geolexica.org/api/geolexica#Source,,,,,,,,,,
https://isotc211.geolexica.org/api/sources#ISO-19116-2004,https://www.iso.org/standard/37805.html^^http://www.w3.org/2001/XMLSchema#anyURI,Geographic information — Positioning services@en,ISO 19116:2004,http://www.w3.org/2002/07/owl#NamedIndividual,,,,,,,,,,
,,,,https://isotc211.geolexica.org/api/geolexica#Source,,,,,,,,,,
https://isotc211.geolexica.org/api/sources#ISO-19107-2019,https://www.iso.org/standard/66175.html^^http://www.w3.org/2001/XMLSchema#anyURI,Geographic information — Spatial schema@en,ISO 19107:2019,http://www.w3.org/2002/07/owl#NamedIndividual,,,,,,,,,,
,,,,https://isotc211.geolexica.org/api/geolexica#Source,,,,,,,,,,
https://isotc211.geolexica.org/api/sources#ISO-IEC-10746-2015,,,ISO/IEC 10746-3:2015,http://www.w3.org/2002/07/owl#NamedIndividual,,,,,,,,,,
,,,,https://isotc211.geolexica.org/api/geolexica#Source,,,,,,,,,,
https://isotc211.geolexica.org/api/sources#ISO-19108-2002,https://www.iso.org/standard/26013.html^^http://www.w3.org/2001/XMLSchema#anyURI,Geographic information — Spatial schema@en,ISO 19108:2002,http://www.w3.org/2002/07/owl#NamedIndividual,,,,,,,,,,
,,,,https://isotc211.geolexica.org/api/geolexica#Source,,,,,,,,,,
https://isotc211.geolexica.org/api/sources#ISO-19110-2016,https://www.iso.org/standard/57303.html^^http://www.w3.org/2001/XMLSchema#anyURI,Geographic information — Methodology for feature cataloguing@en,ISO 19110:2016,http://www.w3.org/2002/07/owl#NamedIndividual,,,,,,,,,,
,,,,https://isotc211.geolexica.org/api/geolexica#Source,,,,,,,,,,
https://isotc211.geolexica.org/api/sources#ISO-10746-2-2009,https://www.iso.org/standard/55723.html^^http://www.w3.org/2001/XMLSchema#anyURI,Information technology — Open distributed processing — Reference model: Foundations — Part 2:@en,ISO/IEC 10746-2:2009,http://www.w3.org/2002/07/owl#NamedIndividual,,,,,,,,,,
,,,,https://isotc211.geolexica.org/api/geolexica#Source,,,,,,,,,,
https://isotc211.geolexica.org/api/sources#ISO-1087-1-2000,https://www.iso.org/standard/20057.html^^http://www.w3.org/2001/XMLSchema#anyURI,Terminology work — Vocabulary — Part 1: Theory and application@en,ISO 1087-1:2000,http://www.w3.org/2002/07/owl#NamedIndividual,,,,,,,,,,
,,,,https://isotc211.geolexica.org/api/geolexica#Source,,,,,,,,,,
https://isotc211.geolexica.org/api/sources#ISO-19130-1-2018,https://www.iso.org/standard/66847.html^^http://www.w3.org/2001/XMLSchema#anyURI,Geographic information — Imagery sensor models for geopositioning — Part 1: Fundamentals@en,ISO 19130-1-2018,http://www.w3.org/2002/07/owl#NamedIndividual,,,,,,,,,,
,,,,https://isotc211.geolexica.org/api/geolexica#Source,,,,,,,,,,
https://isotc211.geolexica.org/api/sources#ISO-19120-2001,https://www.iso.org/standard/28928.html^^http://www.w3.org/2001/XMLSchema#anyURI,Geographic information — Functional standards@en,ISO/TR 19120:2001,http://www.w3.org/2002/07/owl#NamedIndividual,,,,,,,,,,
,,,,https://isotc211.geolexica.org/api/geolexica#Source,,,,,,,,,,
https://isotc211.geolexica.org/api/sources#ISO-24619-2011,https://www.iso.org/standard/37333.html^^http://www.w3.org/2001/XMLSchema#anyURI,Language resource management — Persistent identification and sustainable access (PISA)@en,ISO 24619:2011,http://www.w3.org/2002/07/owl#NamedIndividual,,,,,,,,,,
,,,,https://isotc211.geolexica.org/api/geolexica#Source,,,,,,,,,,
https://isotc211.geolexica.org/api/sources#ISO-IEC-19501,https://www.iso.org/standard/32620.html^^http://www.w3.org/2001/XMLSchema#anyURI,Information technology — Open Distributed Processing — Unified Modeling Language (UML) Version 1.4.2@en,ISO/IEC 19501,http://www.w3.org/2002/07/owl#NamedIndividual,,,,,,,,,,
,,,,https://isotc211.geolexica.org/api/geolexica#Source,,,,,,,,,,
https://isotc211.geolexica.org/api/sources#ISO-12718-2008,https://www.iso.org/standard/43738.html^^http://www.w3.org/2001/XMLSchema#anyURI,Non-destructive testing — Eddy current testing — Vocabulary@en,ISO 12718:2008,http://www.w3.org/2002/07/owl#NamedIndividual,,,,,,,,,,
,,,,https://isotc211.geolexica.org/api/geolexica#Source,,,,,,,,,,
https://isotc211.geolexica.org/api/sources#ASTM_E2544,,,ASTM E2544,http://www.w3.org/2002/07/owl#NamedIndividual,ASTM E2544@en,Need source URI@en,,,,,,,,
,,,,https://isotc211.geolexica.org/api/geolexica#Source,,,,,,,,,,
https://isotc211.geolexica.org/api/sources#ISO-10241-2011,https://www.iso.org/standard/40362.html^^http://www.w3.org/2001/XMLSchema#anyURI,Terminological entries in standards — Part 1: General requirements and examples of presentation@en,ISO 10241-1:2011,http://www.w3.org/2002/07/owl#NamedIndividual,,,,,,,,,,
,,,,https://isotc211.geolexica.org/api/geolexica#Source,,,,,,,,,,
https://isotc211.geolexica.org/api/sources#ISO-19159-2016,https://www.iso.org/standard/64768.html^^http://www.w3.org/2001/XMLSchema#anyURI,Geographic information — Calibration and validation of remote sensing imagery sensors and data — Part 2: Lidar@en,ISO/TS 19159-2:2016,http://www.w3.org/2002/07/owl#NamedIndividual,,,,,,,,,,
,,,,https://isotc211.geolexica.org/api/geolexica#Source,,,,,,,,,,
https://isotc211.geolexica.org/api/sources#ISO-19123-2018,https://www.iso.org/standard/70948.html^^http://www.w3.org/2001/XMLSchema#anyURI,Geographic information — Schema for coverage geometry and functions — Part 2: Coverage implementation schema@en,ISO 19123-2:2018,http://www.w3.org/2002/07/owl#NamedIndividual,,,,,,,,,,
,,,,https://isotc211.geolexica.org/api/geolexica#Source,,,,,,,,,,
https://isotc211.geolexica.org/api/sources#ISO-21000-1-2004,https://www.iso.org/standard/40611.html^^http://www.w3.org/2001/XMLSchema#anyURI,"Information technology — Multimedia framework (MPEG-21) — Part 1: Vision, Technologies and Strategy@en",ISO/IEC TR 21000-1:2004,http://www.w3.org/2002/07/owl#NamedIndividual,,,,,,,,,,
,,,,https://isotc211.geolexica.org/api/geolexica#Source,,,,,,,,,,
https://isotc211.geolexica.org/api/sources#ISO-19117-2012,https://www.iso.org/standard/46226.html^^http://www.w3.org/2001/XMLSchema#anyURI,Geographic information — Portrayal@en,ISO 19117:2012,http://www.w3.org/2002/07/owl#NamedIndividual,,,,,,,,,,
,,,,https://isotc211.geolexica.org/api/geolexica#Source,,,,,,,,,,
https://isotc211.geolexica.org/api/sources#ISO-9075-2011,https://www.iso.org/standard/53682.html^^http://www.w3.org/2001/XMLSchema#anyURI,Information technology — Database languages — SQL — Part 2: Foundation (SQL/Foundation)@en,ISO/IEC 9075-2:2011,http://www.w3.org/2002/07/owl#NamedIndividual,,,,,,,,,,
,,,,https://isotc211.geolexica.org/api/geolexica#Source,,,,,,,,,,
https://isotc211.geolexica.org/api/sources#SOA-RAF,,,SOA-RAF,http://www.w3.org/2002/07/owl#NamedIndividual,SOA-RAF@en,Need source URI@en,,,,,,,,
,,,,https://isotc211.geolexica.org/api/geolexica#Source,,,,,,,,,,
https://isotc211.geolexica.org/api/sources#UML-1x,https://www.omg.org/spec/UML/1.1/^^http://www.w3.org/2001/XMLSchema#anyURI,"The Unified Modeling Language (UML) is a language for specifying, constructing, visualizing, and documenting the artifacts of a software-intensive system.@en",Unified Modeling Language 1.x,http://www.w3.org/2002/07/owl#NamedIndividual,UML 1@en,Earliest 1.x version: https://www.omg.org/spec/UML/1.1/@en,,,,,,,,
,,,,https://isotc211.geolexica.org/api/geolexica#Source,,,,,,,,,,
https://isotc211.geolexica.org/api/sources#ISO-19160-2017,https://www.iso.org/standard/64242.html^^http://www.w3.org/2001/XMLSchema#anyURI,Addressing — Part 4: International postal address components and template language@en,ISO 19160-4:2017,http://www.w3.org/2002/07/owl#NamedIndividual,,,,,,,,,,
,,,,https://isotc211.geolexica.org/api/geolexica#Source,,,,,,,,,,
https://isotc211.geolexica.org/api/sources#ISO-19114-2003,https://www.iso.org/standard/26019.html^^http://www.w3.org/2001/XMLSchema#anyURI,Geographic information — Quality evaluation procedures@en,ISO 19114:2003,http://www.w3.org/2002/07/owl#NamedIndividual,,,,,,,,,,
,,,,https://isotc211.geolexica.org/api/geolexica#Source,,,,,,,,,,
https://isotc211.geolexica.org/api/sources#ISO-19134-2007,https://www.iso.org/standard/32552.html^^http://www.w3.org/2001/XMLSchema#anyURI,Geographic information — Location-based services — Multimodal routing and navigation@en,ISO 19134:2007,http://www.w3.org/2002/07/owl#NamedIndividual,,,,,,,,,,
,,,,https://isotc211.geolexica.org/api/geolexica#Source,,,,,,,,,,
https://isotc211.geolexica.org/api/sources#ISO-19136-1-2020,https://www.iso.org/standard/75676.html^^http://www.w3.org/2001/XMLSchema#anyURI,Geographic information — Geography Markup Language (GML) — Part 1: Fundamentals@en,ISO 19136-1:2020,http://www.w3.org/2002/07/owl#NamedIndividual,,,,,,,,,,
,,,,https://isotc211.geolexica.org/api/geolexica#Source,,,,,,,,,,
https://isotc211.geolexica.org/api/sources#ISO-19131-2007,https://www.iso.org/standard/36760.html^^http://www.w3.org/2001/XMLSchema#anyURI,Geographic information — Data product specifications@en,ISO 19131:2007,http://www.w3.org/2002/07/owl#NamedIndividual,,,,,,,,,,
,,,,https://isotc211.geolexica.org/api/geolexica#Source,,,,,,,,,,
https://isotc211.geolexica.org/api/sources#ISO-9000-2005,https://www.iso.org/standard/42180.html^^http://www.w3.org/2001/XMLSchema#anyURI,Quality management systems — Fundamentals and vocabulary@en,ISO 9000:2005,http://www.w3.org/2002/07/owl#NamedIndividual,,,,,,,,,,
,,,,https://isotc211.geolexica.org/api/geolexica#Source,,,,,,,,,,
https://isotc211.geolexica.org/api/sources#ISO-19119-2016,https://www.iso.org/standard/59221.html^^http://www.w3.org/2001/XMLSchema#anyURI,Geographic information — Services@en,ISO 19119:2016,http://www.w3.org/2002/07/owl#NamedIndividual,,,,,,,,,,
,,,,https://isotc211.geolexica.org/api/geolexica#Source,,,,,,,,,,
https://isotc211.geolexica.org/api/sources#ISO-12620-1999,https://www.iso.org/standard/2517.html^^http://www.w3.org/2001/XMLSchema#anyURI,Computer applications in terminology — Data categories@en,ISO 12620:1999,http://www.w3.org/2002/07/owl#NamedIndividual,,,,,,,,,,
,,,,https://isotc211.geolexica.org/api/geolexica#Source,,,,,,,,,,
https://isotc211.geolexica.org/api/sources#ISO-8601-2000,https://www.iso.org/standard/26780.html^^http://www.w3.org/2001/XMLSchema#anyURI,Data elements and interchange formats — Information interchange — Representation of dates and times@en,ISO 8601:2000,http://www.w3.org/2002/07/owl#NamedIndividual,,,,,,,,,,
,,,,https://isotc211.geolexica.org/api/geolexica#Source,,,,,,,,,,
https://isotc211.geolexica.org/api/sources#ISO-19123-2005,https://www.iso.org/standard/40121.html^^http://www.w3.org/2001/XMLSchema#anyURI,Geographic information — Schema for coverage geometry and functions@en,ISO 19123:2005,http://www.w3.org/2002/07/owl#NamedIndividual,,,,,,,,,,
,,,,https://isotc211.geolexica.org/api/geolexica#Source,,,,,,,,,,
https://isotc211.geolexica.org/api/sources#ISO-19150-2019,https://www.iso.org/standard/72177.html^^http://www.w3.org/2001/XMLSchema#anyURI,Geographic information — Ontology — Part 4: Service ontology@en,ISO 19150-4:2019,http://www.w3.org/2002/07/owl#NamedIndividual,,,,,,,,,,
,,,,https://isotc211.geolexica.org/api/geolexica#Source,,,,,,,,,,
https://isotc211.geolexica.org/api/sources#ISO-IEC-2382-1999,https://www.iso.org/standard/7257.html^^http://www.w3.org/2001/XMLSchema#anyURI,Information technology — Vocabulary — Part 15: Programming languages@en,ISO/IEC 2382-15:1999,http://www.w3.org/2002/07/owl#NamedIndividual,,,,,,,,,,
,,,,https://isotc211.geolexica.org/api/geolexica#Source,,,,,,,,,,
https://isotc211.geolexica.org/api/sources#ISO-19115-2003,https://www.iso.org/standard/26020.html^^http://www.w3.org/2001/XMLSchema#anyURI,Geographic information — Metadata@en,ISO 19115:2003,http://www.w3.org/2002/07/owl#NamedIndividual,,,,,,,,,,
,,,,https://isotc211.geolexica.org/api/geolexica#Source,,,,,,,,,,
