resource,osgeo:termID,rdf:type,rdf:type,osgeo:hasSource,osgeo:hasSource,osgeo:clause,osgeo:classification,osgeo:date_accepted,osgeo:entry_status,osgeo:date_amended
osgeo-info:Info1,osgeo-concept:c1,osgeo:ConceptInfo,owl:NamedIndividual,https://www.osgeo.org/initiatives/geo-for-all/geo-newsletters-archive/,,,preferred,,,
osgeo-info:Info2,osgeo-concept:c2,osgeo:ConceptInfo,owl:NamedIndividual,https://www.opengeospatial.org/acronyms,,,preferred,,,
osgeo-info:Info3,osgeo-concept:c3,osgeo:ConceptInfo,owl:NamedIndividual,https://www.opengeospatial.org/acronyms,,,preferred,,,
osgeo-info:Info4,osgeo-concept:c4,osgeo:ConceptInfo,owl:NamedIndividual,https://www.opengeospatial.org/acronyms,,,preferred,,,
osgeo-info:Info5,osgeo-concept:c5,osgeo:ConceptInfo,owl:NamedIndividual,https://joinup.ec.europa.eu/sites/default/files/document/2011-12/gvsig-1_0-man-v1-en_01.pdf,,,preferred,,,
osgeo-info:Info6,osgeo-concept:c6,osgeo:ConceptInfo,owl:NamedIndividual,https://joinup.ec.europa.eu/sites/default/files/document/2011-12/gvsig-1_0-man-v1-en_01.pdf,,,preferred,,,
osgeo-info:Info7,osgeo-concept:c7,osgeo:ConceptInfo,owl:NamedIndividual,https://www.osgeo.org/initiatives/geo-for-all/geo-newsletters-archive/,,,preferred,,,
osgeo-info:Info8,osgeo-concept:c8,osgeo:ConceptInfo,owl:NamedIndividual,https://www.osgeo.org/initiatives/geo-for-all/geo-newsletters-archive/,,,preferred,,,
osgeo-info:Info9,osgeo-concept:c9,osgeo:ConceptInfo,owl:NamedIndividual,https://www.osgeo.org/initiatives/geo-for-all/geo-newsletters-archive/,,,preferred,,,
osgeo-info:Info10,osgeo-concept:c10,osgeo:ConceptInfo,owl:NamedIndividual,https://www.opengeospatial.org/acronyms,,,preferred,,,
osgeo-info:Info11,osgeo-concept:c11,osgeo:ConceptInfo,owl:NamedIndividual,https://www.osgeo.org/initiatives/geo-for-all/geo-newsletters-archive/,,,preferred,,,
osgeo-info:Info12,osgeo-concept:c12,osgeo:ConceptInfo,owl:NamedIndividual,https://www.opengeospatial.org/acronyms,,,preferred,,,
osgeo-info:Info13,osgeo-concept:c13,osgeo:ConceptInfo,owl:NamedIndividual,https://mapserver.org/glossary.html,,,preferred,,,
osgeo-info:Info14,osgeo-concept:c14,osgeo:ConceptInfo,owl:NamedIndividual,https://www.opengeospatial.org/acronyms,,,preferred,,,
osgeo-info:Info15,osgeo-concept:c15,osgeo:ConceptInfo,owl:NamedIndividual,https://www.opengeospatial.org/acronyms,,,preferred,,,
osgeo-info:Info16,osgeo-concept:c16,osgeo:ConceptInfo,owl:NamedIndividual,https://www.opengeospatial.org/acronyms,,,preferred,,,
osgeo-info:Info17,osgeo-concept:c17,osgeo:ConceptInfo,owl:NamedIndividual,https://www.osgeo.org/initiatives/geo-for-all/geo-newsletters-archive/,,,preferred,,,
osgeo-info:Info18,osgeo-concept:c18,osgeo:ConceptInfo,owl:NamedIndividual,https://www.opengeospatial.org/acronyms,,,preferred,,,
osgeo-info:Info19,osgeo-concept:c19,osgeo:ConceptInfo,owl:NamedIndividual,https://www.opengeospatial.org/acronyms,,,preferred,,,
osgeo-info:Info20,osgeo-concept:c20,osgeo:ConceptInfo,owl:NamedIndividual,https://joinup.ec.europa.eu/sites/default/files/document/2011-12/gvsig-1_0-man-v1-en_01.pdf,,,preferred,,,
osgeo-info:Info21,osgeo-concept:c21,osgeo:ConceptInfo,owl:NamedIndividual,https://www.osgeo.org/initiatives/geo-for-all/geo-newsletters-archive/,,,preferred,,,
osgeo-info:Info22,osgeo-concept:c22,osgeo:ConceptInfo,owl:NamedIndividual,https://www.opengeospatial.org/acronyms,,,preferred,,,
osgeo-info:Info23,osgeo-concept:c23,osgeo:ConceptInfo,owl:NamedIndividual,https://www.osgeo.org/initiatives/geo-for-all/geo-newsletters-archive/,,,preferred,,,
osgeo-info:Info24,osgeo-concept:c24,osgeo:ConceptInfo,owl:NamedIndividual,https://joinup.ec.europa.eu/sites/default/files/document/2011-12/gvsig-1_0-man-v1-en_01.pdf,,,preferred,,,
osgeo-info:Info25,osgeo-concept:c25,osgeo:ConceptInfo,owl:NamedIndividual,https://www.opengeospatial.org/acronyms,,,preferred,,,
osgeo-info:Info26,osgeo-concept:c26,osgeo:ConceptInfo,owl:NamedIndividual,https://geonetwork-opensource.org/manuals/2.10.4/eng/users/glossary.html,,,preferred,,,
osgeo-info:Info27,osgeo-concept:c27,osgeo:ConceptInfo,owl:NamedIndividual,https://www.osgeo.org/initiatives/geo-for-all/geo-newsletters-archive/,,,preferred,,,
osgeo-info:Info28,osgeo-concept:c28,osgeo:ConceptInfo,owl:NamedIndividual,https://joinup.ec.europa.eu/sites/default/files/document/2011-12/gvsig-1_0-man-v1-en_01.pdf,,,preferred,,,
osgeo-info:Info29,osgeo-concept:c29,osgeo:ConceptInfo,owl:NamedIndividual,https://www.osgeo.org/initiatives/geo-for-all/geo-newsletters-archive/,,,preferred,,,
osgeo-info:Info30,osgeo-concept:c30,osgeo:ConceptInfo,owl:NamedIndividual,https://www.opengeospatial.org/acronyms,,,preferred,,,
osgeo-info:Info31,osgeo-concept:c31,osgeo:ConceptInfo,owl:NamedIndividual,https://www.osgeo.org/initiatives/geo-for-all/geo-newsletters-archive/,,,preferred,,,
osgeo-info:Info32,osgeo-concept:c32,osgeo:ConceptInfo,owl:NamedIndividual,https://www.osgeo.org/initiatives/geo-for-all/geo-newsletters-archive/,,,preferred,,,
osgeo-info:Info33,osgeo-concept:c33,osgeo:ConceptInfo,owl:NamedIndividual,,,,preferred,,,
osgeo-info:Info34,osgeo-concept:c34,osgeo:ConceptInfo,owl:NamedIndividual,https://geonetwork-opensource.org/manuals/2.10.4/eng/users/glossary.html,,,preferred,,,
osgeo-info:Info35,osgeo-concept:c35,osgeo:ConceptInfo,owl:NamedIndividual,,,,preferred,,,
osgeo-info:Info36,osgeo-concept:c36,osgeo:ConceptInfo,owl:NamedIndividual,https://joinup.ec.europa.eu/sites/default/files/document/2011-12/gvsig-1_0-man-v1-en_01.pdf,,,preferred,,,
osgeo-info:Info37,osgeo-concept:c37,osgeo:ConceptInfo,owl:NamedIndividual,https://joinup.ec.europa.eu/sites/default/files/document/2011-12/gvsig-1_0-man-v1-en_01.pdf,,,preferred,,,
osgeo-info:Info38,osgeo-concept:c38,osgeo:ConceptInfo,owl:NamedIndividual,https://www.osgeo.org/initiatives/geo-for-all/geo-newsletters-archive/,,,preferred,,,
osgeo-info:Info39,osgeo-concept:c39,osgeo:ConceptInfo,owl:NamedIndividual,https://www.osgeo.org/initiatives/geo-for-all/geo-newsletters-archive/,,,preferred,,,
osgeo-info:Info40,osgeo-concept:c40,osgeo:ConceptInfo,owl:NamedIndividual,https://www.osgeo.org/initiatives/geo-for-all/geo-newsletters-archive/,,,preferred,,,
osgeo-info:Info41,osgeo-concept:c41,osgeo:ConceptInfo,owl:NamedIndividual,,,,preferred,,,
osgeo-info:Info42,osgeo-concept:c42,osgeo:ConceptInfo,owl:NamedIndividual,https://joinup.ec.europa.eu/sites/default/files/document/2011-12/gvsig-1_0-man-v1-en_01.pdf,,,preferred,,,
osgeo-info:Info43,osgeo-concept:c43,osgeo:ConceptInfo,owl:NamedIndividual,https://www.osgeo.org/initiatives/geo-for-all/geo-newsletters-archive/,,,preferred,,,
osgeo-info:Info44,osgeo-concept:c44,osgeo:ConceptInfo,owl:NamedIndividual,https://www.osgeo.org/initiatives/geo-for-all/geo-newsletters-archive/,,,preferred,,,
osgeo-info:Info45,osgeo-concept:c45,osgeo:ConceptInfo,owl:NamedIndividual,https://www.osgeo.org/initiatives/geo-for-all/geo-newsletters-archive/,,,preferred,,,
osgeo-info:Info46,osgeo-concept:c46,osgeo:ConceptInfo,owl:NamedIndividual,https://www.opengeospatial.org/acronyms,,,preferred,,,
osgeo-info:Info47,osgeo-concept:c47,osgeo:ConceptInfo,owl:NamedIndividual,https://www.opengeospatial.org/acronyms,,,preferred,,,
osgeo-info:Info48,osgeo-concept:c48,osgeo:ConceptInfo,owl:NamedIndividual,https://www.opengeospatial.org/acronyms,,,preferred,,,
osgeo-info:Info49,osgeo-concept:c49,osgeo:ConceptInfo,owl:NamedIndividual,https://www.osgeo.org/initiatives/geo-for-all/geo-newsletters-archive/,,,preferred,,,
osgeo-info:Info50,osgeo-concept:c50,osgeo:ConceptInfo,owl:NamedIndividual,,,,preferred,,,
osgeo-info:Info51,osgeo-concept:c51,osgeo:ConceptInfo,owl:NamedIndividual,https://www.osgeo.org/initiatives/geo-for-all/geo-newsletters-archive/,,,preferred,,,
osgeo-info:Info52,osgeo-concept:c52,osgeo:ConceptInfo,owl:NamedIndividual,https://joinup.ec.europa.eu/sites/default/files/document/2011-12/gvsig-1_0-man-v1-en_01.pdf,,,preferred,,,
osgeo-info:Info53,osgeo-concept:c53,osgeo:ConceptInfo,owl:NamedIndividual,https://www.opengeospatial.org/acronyms,,,preferred,,,
osgeo-info:Info54,osgeo-concept:c54,osgeo:ConceptInfo,owl:NamedIndividual,https://mapserver.org/glossary.html,,,preferred,,,
osgeo-info:Info55,osgeo-concept:c55,osgeo:ConceptInfo,owl:NamedIndividual,https://www.opengeospatial.org/acronyms,,,preferred,,,
osgeo-info:Info56,osgeo-concept:c56,osgeo:ConceptInfo,owl:NamedIndividual,https://joinup.ec.europa.eu/sites/default/files/document/2011-12/gvsig-1_0-man-v1-en_01.pdf,,,preferred,,,
osgeo-info:Info57,osgeo-concept:c57,osgeo:ConceptInfo,owl:NamedIndividual,,osgeo-source:ISO-19111-2019,3.1.5,preferred,,,
osgeo-info:Info58,osgeo-concept:c58,osgeo:ConceptInfo,owl:NamedIndividual,https://www.osgeo.org/initiatives/geo-for-all/geo-newsletters-archive/,,,preferred,,,
osgeo-info:Info59,osgeo-concept:c59,osgeo:ConceptInfo,owl:NamedIndividual,,osgeo-source:ISO-19111-2019,3.1.9,preferred,,,
osgeo-info:Info60,osgeo-concept:c60,osgeo:ConceptInfo,owl:NamedIndividual,,osgeo-source:ISO-19111-2019,3.1.9,preferred,,,
osgeo-info:Info61,osgeo-concept:c61,osgeo:ConceptInfo,owl:NamedIndividual,,osgeo-source:ISO-19123-2005,4.1.7,preferred,,,
osgeo-info:Info62,osgeo-concept:c62,osgeo:ConceptInfo,owl:NamedIndividual,https://geonetwork-opensource.org/manuals/2.10.4/eng/users/glossary.html,,,preferred,,,
osgeo-info:Info63,osgeo-concept:c63,osgeo:ConceptInfo,owl:NamedIndividual,https://geonetwork-opensource.org/manuals/2.10.4/eng/users/glossary.html,,,preferred,,,
osgeo-info:Info64,osgeo-concept:c64,osgeo:ConceptInfo,owl:NamedIndividual,https://www.osgeo.org/initiatives/geo-for-all/geo-newsletters-archive/,,,preferred,,,
osgeo-info:Info65,osgeo-concept:c65,osgeo:ConceptInfo,owl:NamedIndividual,https://geonetwork-opensource.org/manuals/2.10.4/eng/users/glossary.html,,,preferred,,,
osgeo-info:Info66,osgeo-concept:c66,osgeo:ConceptInfo,owl:NamedIndividual,https://www.opengeospatial.org/acronyms,,,preferred,,,
osgeo-info:Info67,osgeo-concept:c67,osgeo:ConceptInfo,owl:NamedIndividual,,osgeo-source:ISO-19129-2009,4.1.8,preferred,,,
osgeo-info:Info68,osgeo-concept:c68,osgeo:ConceptInfo,owl:NamedIndividual,https://www.opengeospatial.org/acronyms,,,preferred,,,
osgeo-info:Info69,osgeo-concept:c69,osgeo:ConceptInfo,owl:NamedIndividual,https://joinup.ec.europa.eu/sites/default/files/document/2011-12/gvsig-1_0-man-v1-en_01.pdf,,,preferred,,,
osgeo-info:Info70,osgeo-concept:c70,osgeo:ConceptInfo,owl:NamedIndividual,https://geonetwork-opensource.org/manuals/2.10.4/eng/users/glossary.html,,,preferred,,,
osgeo-info:Info71,osgeo-concept:c71,osgeo:ConceptInfo,owl:NamedIndividual,,osgeo-source:ISO-19115-1-2014,4.3,preferred,,,
osgeo-info:Info72,osgeo-concept:c72,osgeo:ConceptInfo,owl:NamedIndividual,https://www.opengeospatial.org/acronyms,,,preferred,,,
osgeo-info:Info73,osgeo-concept:c73,osgeo:ConceptInfo,owl:NamedIndividual,https://www.opengeospatial.org/acronyms,,,preferred,,,
osgeo-info:Info74,osgeo-concept:c74,osgeo:ConceptInfo,owl:NamedIndividual,https://www.opengeospatial.org/acronyms,,,preferred,,,
osgeo-info:Info75,osgeo-concept:c75,osgeo:ConceptInfo,owl:NamedIndividual,https://www.opengeospatial.org/acronyms,,,preferred,,,
osgeo-info:Info76,osgeo-concept:c76,osgeo:ConceptInfo,owl:NamedIndividual,https://www.osgeo.org/initiatives/geo-for-all/geo-newsletters-archive/,,,preferred,,,
osgeo-info:Info77,osgeo-concept:c77,osgeo:ConceptInfo,owl:NamedIndividual,https://www.opengeospatial.org/acronyms,,,preferred,,,
osgeo-info:Info78,osgeo-concept:c78,osgeo:ConceptInfo,owl:NamedIndividual,https://www.opengeospatial.org/acronyms,,,preferred,,,
osgeo-info:Info79,osgeo-concept:c79,osgeo:ConceptInfo,owl:NamedIndividual,https://www.opengeospatial.org/acronyms,,,preferred,,,
osgeo-info:Info80,osgeo-concept:c80,osgeo:ConceptInfo,owl:NamedIndividual,https://www.opengeospatial.org/acronyms,,,preferred,,,
osgeo-info:Info81,osgeo-concept:c81,osgeo:ConceptInfo,owl:NamedIndividual,https://www.osgeo.org/initiatives/geo-for-all/geo-newsletters-archive/,,,preferred,,,
osgeo-info:Info82,osgeo-concept:c82,osgeo:ConceptInfo,owl:NamedIndividual,https://www.opengeospatial.org/acronyms,,,preferred,,,
osgeo-info:Info83,osgeo-concept:c83,osgeo:ConceptInfo,owl:NamedIndividual,https://www.opengeospatial.org/acronyms,,,preferred,,,
osgeo-info:Info84,osgeo-concept:c84,osgeo:ConceptInfo,owl:NamedIndividual,https://www.osgeo.org/initiatives/geo-for-all/geo-newsletters-archive/,,,preferred,,,
osgeo-info:Info85,osgeo-concept:c85,osgeo:ConceptInfo,owl:NamedIndividual,https://www.opengeospatial.org/acronyms,,,preferred,,,
osgeo-info:Info86,osgeo-concept:c86,osgeo:ConceptInfo,owl:NamedIndividual,https://www.opengeospatial.org/acronyms,,,preferred,,,
osgeo-info:Info87,osgeo-concept:c87,osgeo:ConceptInfo,owl:NamedIndividual,https://www.opengeospatial.org/acronyms,,,preferred,,,
osgeo-info:Info88,osgeo-concept:c88,osgeo:ConceptInfo,owl:NamedIndividual,https://www.opengeospatial.org/acronyms,,,preferred,,,
osgeo-info:Info89,osgeo-concept:c89,osgeo:ConceptInfo,owl:NamedIndividual,https://geonetwork-opensource.org/manuals/2.10.4/eng/users/glossary.html,,,preferred,,,
osgeo-info:Info90,osgeo-concept:c90,osgeo:ConceptInfo,owl:NamedIndividual,https://www.osgeo.org/initiatives/geo-for-all/geo-newsletters-archive/,,,preferred,,,
osgeo-info:Info91,osgeo-concept:c91,osgeo:ConceptInfo,owl:NamedIndividual,https://www.opengeospatial.org/acronyms,,,preferred,,,
osgeo-info:Info92,osgeo-concept:c92,osgeo:ConceptInfo,owl:NamedIndividual,https://www.opengeospatial.org/acronyms,,,preferred,,,
osgeo-info:Info93,osgeo-concept:c93,osgeo:ConceptInfo,owl:NamedIndividual,https://www.osgeo.org/initiatives/geo-for-all/geo-newsletters-archive/,,,preferred,,,
osgeo-info:Info94,osgeo-concept:c94,osgeo:ConceptInfo,owl:NamedIndividual,https://www.osgeo.org/initiatives/geo-for-all/geo-newsletters-archive/,,,preferred,,,
osgeo-info:Info95,osgeo-concept:c95,osgeo:ConceptInfo,owl:NamedIndividual,https://www.opengeospatial.org/acronyms,,,preferred,,,
osgeo-info:Info96,osgeo-concept:c96,osgeo:ConceptInfo,owl:NamedIndividual,https://joinup.ec.europa.eu/sites/default/files/document/2011-12/gvsig-1_0-man-v1-en_01.pdf,,,preferred,,,
osgeo-info:Info97,osgeo-concept:c97,osgeo:ConceptInfo,owl:NamedIndividual,https://joinup.ec.europa.eu/sites/default/files/document/2011-12/gvsig-1_0-man-v1-en_01.pdf,,,preferred,,,
osgeo-info:Info98,osgeo-concept:c98,osgeo:ConceptInfo,owl:NamedIndividual,,osgeo-source:ISO-19111-2019,3.1.22,preferred,,,
osgeo-info:Info99,osgeo-concept:c99,osgeo:ConceptInfo,owl:NamedIndividual,https://www.opengeospatial.org/acronyms,,,preferred,,,
osgeo-info:Info100,osgeo-concept:c100,osgeo:ConceptInfo,owl:NamedIndividual,https://www.opengeospatial.org/acronyms,,,preferred,,,
osgeo-info:Info101,osgeo-concept:c101,osgeo:ConceptInfo,owl:NamedIndividual,https://www.opengeospatial.org/acronyms,,,preferred,,,
osgeo-info:Info102,osgeo-concept:c102,osgeo:ConceptInfo,owl:NamedIndividual,https://joinup.ec.europa.eu/sites/default/files/document/2011-12/gvsig-1_0-man-v1-en_01.pdf,,,preferred,,,
osgeo-info:Info103,osgeo-concept:c103,osgeo:ConceptInfo,owl:NamedIndividual,https://geonetwork-opensource.org/manuals/2.10.4/eng/users/glossary.html,,,preferred,,,
osgeo-info:Info104,osgeo-concept:c104,osgeo:ConceptInfo,owl:NamedIndividual,https://www.osgeo.org/initiatives/geo-for-all/geo-newsletters-archive/,,,preferred,,,
osgeo-info:Info105,osgeo-concept:c105,osgeo:ConceptInfo,owl:NamedIndividual,https://wiki.osgeo.org/wiki/Starter_Dictionary,,,preferred,,,
osgeo-info:Info106,osgeo-concept:c106,osgeo:ConceptInfo,owl:NamedIndividual,https://mapserver.org/glossary.html,,,preferred,,,
osgeo-info:Info107,osgeo-concept:c107,osgeo:ConceptInfo,owl:NamedIndividual,https://www.osgeo.org/initiatives/geo-for-all/geo-newsletters-archive/,,,preferred,,,
osgeo-info:Info108,osgeo-concept:c108,osgeo:ConceptInfo,owl:NamedIndividual,,,,preferred,,,
osgeo-info:Info109,osgeo-concept:c109,osgeo:ConceptInfo,owl:NamedIndividual,https://joinup.ec.europa.eu/sites/default/files/document/2011-12/gvsig-1_0-man-v1-en_01.pdf,,,preferred,,,
osgeo-info:Info110,osgeo-concept:c110,osgeo:ConceptInfo,owl:NamedIndividual,https://www.opengeospatial.org/acronyms,,,preferred,,,
osgeo-info:Info111,osgeo-concept:c111,osgeo:ConceptInfo,owl:NamedIndividual,https://joinup.ec.europa.eu/sites/default/files/document/2011-12/gvsig-1_0-man-v1-en_01.pdf,,,preferred,,,
osgeo-info:Info112,osgeo-concept:c112,osgeo:ConceptInfo,owl:NamedIndividual,https://geonetwork-opensource.org/manuals/2.10.4/eng/users/glossary.html,,,preferred,,,
osgeo-info:Info113,osgeo-concept:c113,osgeo:ConceptInfo,owl:NamedIndividual,https://www.osgeo.org/initiatives/geo-for-all/geo-newsletters-archive/,,,preferred,,,
osgeo-info:Info114,osgeo-concept:c114,osgeo:ConceptInfo,owl:NamedIndividual,https://www.opengeospatial.org/acronyms,,,preferred,,,
osgeo-info:Info115,osgeo-concept:c115,osgeo:ConceptInfo,owl:NamedIndividual,https://www.osgeo.org/initiatives/geo-for-all/geo-newsletters-archive/,,,preferred,,,
osgeo-info:Info116,osgeo-concept:c116,osgeo:ConceptInfo,owl:NamedIndividual,https://www.osgeo.org/initiatives/geo-for-all/geo-newsletters-archive/,,,preferred,,,
osgeo-info:Info117,osgeo-concept:c117,osgeo:ConceptInfo,owl:NamedIndividual,https://geonetwork-opensource.org/manuals/2.10.4/eng/users/glossary.html,,,preferred,,,
osgeo-info:Info118,osgeo-concept:c118,osgeo:ConceptInfo,owl:NamedIndividual,https://www.opengeospatial.org/acronyms,,,preferred,,,
osgeo-info:Info119,osgeo-concept:c119,osgeo:ConceptInfo,owl:NamedIndividual,https://www.osgeo.org/initiatives/geo-for-all/geo-newsletters-archive/,,,preferred,,,
osgeo-info:Info120,osgeo-concept:c120,osgeo:ConceptInfo,owl:NamedIndividual,,osgeo-source:ISO-19156-2011,4.7,preferred,,,
osgeo-info:Info121,osgeo-concept:c121,osgeo:ConceptInfo,owl:NamedIndividual,https://geonetwork-opensource.org/manuals/2.10.4/eng/users/glossary.html,,,preferred,,,
osgeo-info:Info122,osgeo-concept:c122,osgeo:ConceptInfo,owl:NamedIndividual,https://geonetwork-opensource.org/manuals/2.10.4/eng/users/glossary.html,,,preferred,,,
osgeo-info:Info123,osgeo-concept:c123,osgeo:ConceptInfo,owl:NamedIndividual,https://geonetwork-opensource.org/manuals/2.10.4/eng/users/glossary.html,,,preferred,,,
osgeo-info:Info124,osgeo-concept:c124,osgeo:ConceptInfo,owl:NamedIndividual,,,,preferred,,,
osgeo-info:Info125,osgeo-concept:c125,osgeo:ConceptInfo,owl:NamedIndividual,https://mapserver.org/glossary.html,,,preferred,,,
osgeo-info:Info126,osgeo-concept:c126,osgeo:ConceptInfo,owl:NamedIndividual,https://joinup.ec.europa.eu/sites/default/files/document/2011-12/gvsig-1_0-man-v1-en_01.pdf,,,preferred,,,
osgeo-info:Info127,osgeo-concept:c127,osgeo:ConceptInfo,owl:NamedIndividual,https://www.opengeospatial.org/acronyms,,,preferred,,,
osgeo-info:Info128,osgeo-concept:c128,osgeo:ConceptInfo,owl:NamedIndividual,https://www.opengeospatial.org/acronyms,,,preferred,,,
osgeo-info:Info129,osgeo-concept:c129,osgeo:ConceptInfo,owl:NamedIndividual,,osgeo-source:ISO-19111-2019,3.1.36,preferred,,,
osgeo-info:Info130,osgeo-concept:c130,osgeo:ConceptInfo,owl:NamedIndividual,https://www.opengeospatial.org/acronyms,,,preferred,,,
osgeo-info:Info131,osgeo-concept:c131,osgeo:ConceptInfo,owl:NamedIndividual,https://mapserver.org/glossary.html,,,preferred,,,
osgeo-info:Info132,osgeo-concept:c132,osgeo:ConceptInfo,owl:NamedIndividual,https://geonetwork-opensource.org/manuals/2.10.4/eng/users/glossary.html,,,preferred,,,
osgeo-info:Info133,osgeo-concept:c133,osgeo:ConceptInfo,owl:NamedIndividual,https://geonetwork-opensource.org/manuals/2.10.4/eng/users/glossary.html,,,preferred,,,
osgeo-info:Info134,osgeo-concept:c134,osgeo:ConceptInfo,owl:NamedIndividual,,osgeo-source:ISO-19130-1-2018,3.36,preferred,,,
osgeo-info:Info135,osgeo-concept:c135,osgeo:ConceptInfo,owl:NamedIndividual,https://www.opengeospatial.org/acronyms,,,preferred,,,
osgeo-info:Info136,osgeo-concept:c136,osgeo:ConceptInfo,owl:NamedIndividual,,osgeo-source:ISO-19115-2-2019,3.11,preferred,,,
osgeo-info:Info137,osgeo-concept:c137,osgeo:ConceptInfo,owl:NamedIndividual,,osgeo-source:ISO-19130-1-2018,3.38,preferred,,,
osgeo-info:Info138,osgeo-concept:c138,osgeo:ConceptInfo,owl:NamedIndividual,https://www.opengeospatial.org/acronyms,,,preferred,,,
osgeo-info:Info139,osgeo-concept:c139,osgeo:ConceptInfo,owl:NamedIndividual,https://geonetwork-opensource.org/manuals/2.10.4/eng/users/glossary.html,,,preferred,,,
osgeo-info:Info140,osgeo-concept:c140,osgeo:ConceptInfo,owl:NamedIndividual,https://www.opengeospatial.org/acronyms,,,preferred,,,
osgeo-info:Info141,osgeo-concept:c141,osgeo:ConceptInfo,owl:NamedIndividual,https://www.opengeospatial.org/acronyms,,,preferred,,,
osgeo-info:Info142,osgeo-concept:c142,osgeo:ConceptInfo,owl:NamedIndividual,https://www.opengeospatial.org/acronyms,,,preferred,,,
osgeo-info:Info143,osgeo-concept:c143,osgeo:ConceptInfo,owl:NamedIndividual,https://www.opengeospatial.org/acronyms,,,preferred,,,
osgeo-info:Info144,osgeo-concept:c144,osgeo:ConceptInfo,owl:NamedIndividual,https://www.opengeospatial.org/acronyms,,,preferred,,,
osgeo-info:Info145,osgeo-concept:c145,osgeo:ConceptInfo,owl:NamedIndividual,https://wiki.osgeo.org/wiki/Starter_Dictionary,,,preferred,,,
osgeo-info:Info146,osgeo-concept:c146,osgeo:ConceptInfo,owl:NamedIndividual,https://www.opengeospatial.org/acronyms,,,preferred,,,
osgeo-info:Info147,osgeo-concept:c147,osgeo:ConceptInfo,owl:NamedIndividual,https://wiki.osgeo.org/wiki/Starter_Dictionary,,,preferred,,,
osgeo-info:Info148,osgeo-concept:c148,osgeo:ConceptInfo,owl:NamedIndividual,https://wiki.osgeo.org/wiki/Starter_Dictionary,,,preferred,,,
osgeo-info:Info149,osgeo-concept:c149,osgeo:ConceptInfo,owl:NamedIndividual,https://www.opengeospatial.org/acronyms,,,preferred,,,
osgeo-info:Info150,osgeo-concept:c150,osgeo:ConceptInfo,owl:NamedIndividual,https://www.opengeospatial.org/acronyms,,,preferred,,,
osgeo-info:Info151,osgeo-concept:c151,osgeo:ConceptInfo,owl:NamedIndividual,https://www.opengeospatial.org/acronyms,,,preferred,,,
osgeo-info:Info152,osgeo-concept:c152,osgeo:ConceptInfo,owl:NamedIndividual,https://www.osgeo.org/initiatives/geo-for-all/geo-newsletters-archive/,,,preferred,,,
osgeo-info:Info153,osgeo-concept:c153,osgeo:ConceptInfo,owl:NamedIndividual,https://www.osgeo.org/initiatives/geo-for-all/geo-newsletters-archive/,,,preferred,,,
osgeo-info:Info154,osgeo-concept:c154,osgeo:ConceptInfo,owl:NamedIndividual,https://www.osgeo.org/initiatives/geo-for-all/geo-newsletters-archive/,,,preferred,,,
osgeo-info:Info155,osgeo-concept:c155,osgeo:ConceptInfo,owl:NamedIndividual,https://joinup.ec.europa.eu/sites/default/files/document/2011-12/gvsig-1_0-man-v1-en_01.pdf,,,preferred,,,
osgeo-info:Info156,osgeo-concept:c156,osgeo:ConceptInfo,owl:NamedIndividual,https://www.opengeospatial.org/acronyms,,,preferred,,,
osgeo-info:Info157,osgeo-concept:c157,osgeo:ConceptInfo,owl:NamedIndividual,https://www.opengeospatial.org/acronyms,,,preferred,,,
osgeo-info:Info158,osgeo-concept:c158,osgeo:ConceptInfo,owl:NamedIndividual,,,,preferred,,,
osgeo-info:Info159,osgeo-concept:c159,osgeo:ConceptInfo,owl:NamedIndividual,https://www.opengeospatial.org/acronyms,,,preferred,,,
osgeo-info:Info160,osgeo-concept:c160,osgeo:ConceptInfo,owl:NamedIndividual,https://geonetwork-opensource.org/manuals/2.10.4/eng/users/glossary.html,,,preferred,,,
osgeo-info:Info161,osgeo-concept:c161,osgeo:ConceptInfo,owl:NamedIndividual,https://www.osgeo.org/initiatives/geo-for-all/geo-newsletters-archive/,,,preferred,,,
osgeo-info:Info162,osgeo-concept:c162,osgeo:ConceptInfo,owl:NamedIndividual,https://www.opengeospatial.org/acronyms,,,preferred,,,
osgeo-info:Info163,osgeo-concept:c163,osgeo:ConceptInfo,owl:NamedIndividual,https://mapserver.org/glossary.html,,,preferred,,,
osgeo-info:Info164,osgeo-concept:c164,osgeo:ConceptInfo,owl:NamedIndividual,https://joinup.ec.europa.eu/sites/default/files/document/2011-12/gvsig-1_0-man-v1-en_01.pdf,,,preferred,,,
osgeo-info:Info165,osgeo-concept:c165,osgeo:ConceptInfo,owl:NamedIndividual,https://www.osgeo.org/initiatives/geo-for-all/geo-newsletters-archive/,,,preferred,,,
osgeo-info:Info166,osgeo-concept:c166,osgeo:ConceptInfo,owl:NamedIndividual,,,,preferred,,,
osgeo-info:Info167,osgeo-concept:c167,osgeo:ConceptInfo,owl:NamedIndividual,,osgeo-source:ISO-19123-2005,4.1.23,preferred,,,
osgeo-info:Info168,osgeo-concept:c168,osgeo:ConceptInfo,owl:NamedIndividual,https://www.osgeo.org/initiatives/geo-for-all/geo-newsletters-archive/,,,preferred,,,
osgeo-info:Info169,osgeo-concept:c169,osgeo:ConceptInfo,owl:NamedIndividual,https://www.osgeo.org/initiatives/geo-for-all/geo-newsletters-archive/,,,preferred,,,
osgeo-info:Info170,osgeo-concept:c170,osgeo:ConceptInfo,owl:NamedIndividual,https://joinup.ec.europa.eu/sites/default/files/document/2011-12/gvsig-1_0-man-v1-en_01.pdf,,,preferred,,,
osgeo-info:Info171,osgeo-concept:c171,osgeo:ConceptInfo,owl:NamedIndividual,https://geonetwork-opensource.org/manuals/2.10.4/eng/users/glossary.html,,,preferred,,,
osgeo-info:Info172,osgeo-concept:c172,osgeo:ConceptInfo,owl:NamedIndividual,https://www.opengeospatial.org/acronyms,,,preferred,,,
osgeo-info:Info173,osgeo-concept:c173,osgeo:ConceptInfo,owl:NamedIndividual,https://www.osgeo.org/initiatives/geo-for-all/geo-newsletters-archive/,,,preferred,,,
osgeo-info:Info174,osgeo-concept:c174,osgeo:ConceptInfo,owl:NamedIndividual,https://www.osgeo.org/initiatives/geo-for-all/geo-newsletters-archive/,,,preferred,,,
osgeo-info:Info175,osgeo-concept:c175,osgeo:ConceptInfo,owl:NamedIndividual,https://www.opengeospatial.org/acronyms,,,preferred,,,
osgeo-info:Info176,osgeo-concept:c176,osgeo:ConceptInfo,owl:NamedIndividual,https://www.osgeo.org/initiatives/geo-for-all/geo-newsletters-archive/,,,preferred,,,
osgeo-info:Info177,osgeo-concept:c177,osgeo:ConceptInfo,owl:NamedIndividual,https://www.opengeospatial.org/acronyms,,,preferred,,,
osgeo-info:Info178,osgeo-concept:c178,osgeo:ConceptInfo,owl:NamedIndividual,https://www.opengeospatial.org/acronyms,,,preferred,,,
osgeo-info:Info179,osgeo-concept:c179,osgeo:ConceptInfo,owl:NamedIndividual,,osgeo-source:ISO-19115-2-2019,3.1.18,preferred,,,
osgeo-info:Info180,osgeo-concept:c180,osgeo:ConceptInfo,owl:NamedIndividual,https://www.opengeospatial.org/acronyms,,,preferred,,,
osgeo-info:Info181,osgeo-concept:c181,osgeo:ConceptInfo,owl:NamedIndividual,https://www.opengeospatial.org/acronyms,,,preferred,,,
osgeo-info:Info182,osgeo-concept:c182,osgeo:ConceptInfo,owl:NamedIndividual,https://www.opengeospatial.org/acronyms,,,preferred,,,
osgeo-info:Info183,osgeo-concept:c183,osgeo:ConceptInfo,owl:NamedIndividual,https://www.opengeospatial.org/acronyms,,,preferred,,,
osgeo-info:Info184,osgeo-concept:c184,osgeo:ConceptInfo,owl:NamedIndividual,https://joinup.ec.europa.eu/sites/default/files/document/2011-12/gvsig-1_0-man-v1-en_01.pdf,,,preferred,,,
osgeo-info:Info185,osgeo-concept:c185,osgeo:ConceptInfo,owl:NamedIndividual,https://www.osgeo.org/initiatives/geo-for-all/geo-newsletters-archive/,,,preferred,,,
osgeo-info:Info186,osgeo-concept:c186,osgeo:ConceptInfo,owl:NamedIndividual,https://www.opengeospatial.org/acronyms,,,preferred,,,
osgeo-info:Info187,osgeo-concept:c187,osgeo:ConceptInfo,owl:NamedIndividual,,,,preferred,,,
osgeo-info:Info188,osgeo-concept:c188,osgeo:ConceptInfo,owl:NamedIndividual,https://www.opengeospatial.org/acronyms,,,preferred,,,
osgeo-info:Info189,osgeo-concept:c189,osgeo:ConceptInfo,owl:NamedIndividual,https://www.osgeo.org/initiatives/geo-for-all/geo-newsletters-archive/,,,preferred,,,
osgeo-info:Info190,osgeo-concept:c190,osgeo:ConceptInfo,owl:NamedIndividual,https://www.osgeo.org/initiatives/geo-for-all/geo-newsletters-archive/,,,preferred,,,
osgeo-info:Info191,osgeo-concept:c191,osgeo:ConceptInfo,owl:NamedIndividual,https://www.opengeospatial.org/acronyms,,,preferred,,,
osgeo-info:Info192,osgeo-concept:c192,osgeo:ConceptInfo,owl:NamedIndividual,https://www.osgeo.org/initiatives/geo-for-all/geo-newsletters-archive/,,,preferred,,,
osgeo-info:Info193,osgeo-concept:c193,osgeo:ConceptInfo,owl:NamedIndividual,https://www.opengeospatial.org/acronyms,,,preferred,,,
osgeo-info:Info194,osgeo-concept:c194,osgeo:ConceptInfo,owl:NamedIndividual,https://geonetwork-opensource.org/manuals/2.10.4/eng/users/glossary.html,,,preferred,,,
osgeo-info:Info195,osgeo-concept:c195,osgeo:ConceptInfo,owl:NamedIndividual,https://www.osgeo.org/initiatives/geo-for-all/geo-newsletters-archive/,,,preferred,,,
osgeo-info:Info196,osgeo-concept:c196,osgeo:ConceptInfo,owl:NamedIndividual,,,,preferred,,,
osgeo-info:Info197,osgeo-concept:c197,osgeo:ConceptInfo,owl:NamedIndividual,https://www.opengeospatial.org/acronyms,,,preferred,,,
osgeo-info:Info198,osgeo-concept:c198,osgeo:ConceptInfo,owl:NamedIndividual,https://www.opengeospatial.org/acronyms,,,preferred,,,
osgeo-info:Info199,osgeo-concept:c199,osgeo:ConceptInfo,owl:NamedIndividual,https://www.opengeospatial.org/acronyms,,,preferred,,,
osgeo-info:Info200,osgeo-concept:c200,osgeo:ConceptInfo,owl:NamedIndividual,https://www.opengeospatial.org/acronyms,,,preferred,,,
osgeo-info:Info201,osgeo-concept:c201,osgeo:ConceptInfo,owl:NamedIndividual,https://www.opengeospatial.org/acronyms,,,preferred,,,
osgeo-info:Info202,osgeo-concept:c202,osgeo:ConceptInfo,owl:NamedIndividual,https://www.opengeospatial.org/acronyms,,,preferred,,,
osgeo-info:Info203,osgeo-concept:c203,osgeo:ConceptInfo,owl:NamedIndividual,https://www.opengeospatial.org/acronyms,,,preferred,,,
osgeo-info:Info204,osgeo-concept:c204,osgeo:ConceptInfo,owl:NamedIndividual,,,,preferred,,,
osgeo-info:Info205,osgeo-concept:c205,osgeo:ConceptInfo,owl:NamedIndividual,https://www.opengeospatial.org/acronyms,,,preferred,,,
osgeo-info:Info206,osgeo-concept:c206,osgeo:ConceptInfo,owl:NamedIndividual,https://www.opengeospatial.org/acronyms,,,preferred,,,
osgeo-info:Info207,osgeo-concept:c207,osgeo:ConceptInfo,owl:NamedIndividual,https://www.osgeo.org/initiatives/geo-for-all/geo-newsletters-archive/,,,preferred,,,
osgeo-info:Info208,osgeo-concept:c208,osgeo:ConceptInfo,owl:NamedIndividual,https://geonetwork-opensource.org/manuals/2.10.4/eng/users/glossary.html,,,preferred,,,
osgeo-info:Info209,osgeo-concept:c209,osgeo:ConceptInfo,owl:NamedIndividual,https://geonetwork-opensource.org/manuals/2.10.4/eng/users/glossary.html,,,preferred,,,
osgeo-info:Info210,osgeo-concept:c210,osgeo:ConceptInfo,owl:NamedIndividual,https://geonetwork-opensource.org/manuals/2.10.4/eng/users/glossary.html,,,preferred,,,
osgeo-info:Info211,osgeo-concept:c211,osgeo:ConceptInfo,owl:NamedIndividual,https://www.opengeospatial.org/acronyms,,,preferred,,,
osgeo-info:Info212,osgeo-concept:c212,osgeo:ConceptInfo,owl:NamedIndividual,https://www.opengeospatial.org/acronyms,,,preferred,,,
osgeo-info:Info213,osgeo-concept:c213,osgeo:ConceptInfo,owl:NamedIndividual,https://www.opengeospatial.org/acronyms,,,preferred,,,
osgeo-info:Info214,osgeo-concept:c214,osgeo:ConceptInfo,owl:NamedIndividual,https://www.opengeospatial.org/acronyms,,,preferred,,,
osgeo-info:Info215,osgeo-concept:c215,osgeo:ConceptInfo,owl:NamedIndividual,https://www.opengeospatial.org/acronyms,,,preferred,,,
osgeo-info:Info216,osgeo-concept:c216,osgeo:ConceptInfo,owl:NamedIndividual,https://www.opengeospatial.org/acronyms,,,preferred,,,
osgeo-info:Info217,osgeo-concept:c217,osgeo:ConceptInfo,owl:NamedIndividual,https://www.opengeospatial.org/acronyms,,,preferred,,,
osgeo-info:Info218,osgeo-concept:c218,osgeo:ConceptInfo,owl:NamedIndividual,,osgeo-source:ISO-19128-2005,4.6,preferred,,,
osgeo-info:Info219,osgeo-concept:c219,osgeo:ConceptInfo,owl:NamedIndividual,https://www.osgeo.org/initiatives/geo-for-all/geo-newsletters-archive/,,,preferred,,,
osgeo-info:Info220,osgeo-concept:c220,osgeo:ConceptInfo,owl:NamedIndividual,https://www.osgeo.org/initiatives/geo-for-all/geo-newsletters-archive/,,,preferred,,,
osgeo-info:Info221,osgeo-concept:c221,osgeo:ConceptInfo,owl:NamedIndividual,https://geonetwork-opensource.org/manuals/2.10.4/eng/users/glossary.html,,,preferred,,,
osgeo-info:Info222,osgeo-concept:c222,osgeo:ConceptInfo,owl:NamedIndividual,https://www.osgeo.org/initiatives/geo-for-all/geo-newsletters-archive/,,,preferred,,,
osgeo-info:Info223,osgeo-concept:c223,osgeo:ConceptInfo,owl:NamedIndividual,,osgeo-source:ISO-19133-2005,4.11,preferred,,,
osgeo-info:Info224,osgeo-concept:c224,osgeo:ConceptInfo,owl:NamedIndividual,https://www.opengeospatial.org/acronyms,,,preferred,,,
osgeo-info:Info225,osgeo-concept:c225,osgeo:ConceptInfo,owl:NamedIndividual,https://www.opengeospatial.org/acronyms,,,preferred,,,
osgeo-info:Info226,osgeo-concept:c226,osgeo:ConceptInfo,owl:NamedIndividual,,,,preferred,,,
osgeo-info:Info227,osgeo-concept:c227,osgeo:ConceptInfo,owl:NamedIndividual,,osgeo-source:ISO-19111-2019,3.1.40,preferred,,,
osgeo-info:Info228,osgeo-concept:c228,osgeo:ConceptInfo,owl:NamedIndividual,https://mapserver.org/glossary.html,,,preferred,,,
osgeo-info:Info229,osgeo-concept:c229,osgeo:ConceptInfo,owl:NamedIndividual,https://mapserver.org/glossary.html,,,preferred,,,
osgeo-info:Info230,osgeo-concept:c230,osgeo:ConceptInfo,owl:NamedIndividual,https://www.osgeo.org/initiatives/geo-for-all/geo-newsletters-archive/,,,preferred,,,
osgeo-info:Info231,osgeo-concept:c231,osgeo:ConceptInfo,owl:NamedIndividual,https://www.osgeo.org/initiatives/geo-for-all/geo-newsletters-archive/,,,preferred,,,
osgeo-info:Info232,osgeo-concept:c232,osgeo:ConceptInfo,owl:NamedIndividual,https://mapserver.org/glossary.html,,,preferred,,,
osgeo-info:Info233,osgeo-concept:c233,osgeo:ConceptInfo,owl:NamedIndividual,,osgeo-source:ISO-19115-1-2014,4.1,preferred,,,
osgeo-info:Info234,osgeo-concept:c234,osgeo:ConceptInfo,owl:NamedIndividual,,osgeo-source:ISO-19115-1-2014,4.11,preferred,,,
osgeo-info:Info235,osgeo-concept:c235,osgeo:ConceptInfo,owl:NamedIndividual,,osgeo-source:ISO-19115-1-2014,4.12,preferred,,,
osgeo-info:Info236,osgeo-concept:c236,osgeo:ConceptInfo,owl:NamedIndividual,https://geonetwork-opensource.org/manuals/2.10.4/eng/users/glossary.html,,,preferred,,,
osgeo-info:Info237,osgeo-concept:c237,osgeo:ConceptInfo,owl:NamedIndividual,https://www.opengeospatial.org/acronyms,,,preferred,,,
osgeo-info:Info238,osgeo-concept:c238,osgeo:ConceptInfo,owl:NamedIndividual,https://www.opengeospatial.org/acronyms,,,preferred,,,
osgeo-info:Info239,osgeo-concept:c239,osgeo:ConceptInfo,owl:NamedIndividual,https://www.opengeospatial.org/acronyms,,,preferred,,,
osgeo-info:Info240,osgeo-concept:c240,osgeo:ConceptInfo,owl:NamedIndividual,,osgeo-source:ISO-19136-2007,4.1.43,preferred,,,
osgeo-info:Info241,osgeo-concept:c241,osgeo:ConceptInfo,owl:NamedIndividual,,,,preferred,,,
osgeo-info:Info242,osgeo-concept:c242,osgeo:ConceptInfo,owl:NamedIndividual,https://www.osgeo.org/initiatives/geo-for-all/geo-newsletters-archive/,,,preferred,,,
osgeo-info:Info243,osgeo-concept:c243,osgeo:ConceptInfo,owl:NamedIndividual,https://www.osgeo.org/initiatives/geo-for-all/geo-newsletters-archive/,,,preferred,,,
osgeo-info:Info244,osgeo-concept:c244,osgeo:ConceptInfo,owl:NamedIndividual,https://www.osgeo.org/initiatives/geo-for-all/geo-newsletters-archive/,,,preferred,,,
osgeo-info:Info245,osgeo-concept:c245,osgeo:ConceptInfo,owl:NamedIndividual,https://www.osgeo.org/initiatives/geo-for-all/geo-newsletters-archive/,,,preferred,,,
osgeo-info:Info246,osgeo-concept:c246,osgeo:ConceptInfo,owl:NamedIndividual,https://www.opengeospatial.org/acronyms,,,preferred,,,
osgeo-info:Info247,osgeo-concept:c247,osgeo:ConceptInfo,owl:NamedIndividual,https://www.opengeospatial.org/acronyms,,,preferred,,,
osgeo-info:Info248,osgeo-concept:c248,osgeo:ConceptInfo,owl:NamedIndividual,https://www.osgeo.org/initiatives/geo-for-all/geo-newsletters-archive/,,,preferred,,,
osgeo-info:Info249,osgeo-concept:c249,osgeo:ConceptInfo,owl:NamedIndividual,https://www.opengeospatial.org/acronyms,,,preferred,,,
osgeo-info:Info250,osgeo-concept:c250,osgeo:ConceptInfo,owl:NamedIndividual,https://www.osgeo.org/initiatives/geo-for-all/geo-newsletters-archive/,,,preferred,,,
osgeo-info:Info251,osgeo-concept:c251,osgeo:ConceptInfo,owl:NamedIndividual,https://www.osgeo.org/initiatives/geo-for-all/geo-newsletters-archive/,,,preferred,,,
osgeo-info:Info252,osgeo-concept:c252,osgeo:ConceptInfo,owl:NamedIndividual,https://www.opengeospatial.org/acronyms,,,preferred,,,
osgeo-info:Info253,osgeo-concept:c253,osgeo:ConceptInfo,owl:NamedIndividual,https://www.opengeospatial.org/acronyms,,,preferred,,,
osgeo-info:Info254,osgeo-concept:c254,osgeo:ConceptInfo,owl:NamedIndividual,https://www.unidata.ucar.edu/software/netcdf/,,,preferred,,,
osgeo-info:Info255,osgeo-concept:c255,osgeo:ConceptInfo,owl:NamedIndividual,https://www.opengeospatial.org/acronyms,,,preferred,,,
osgeo-info:Info256,osgeo-concept:c256,osgeo:ConceptInfo,owl:NamedIndividual,https://www.osgeo.org/initiatives/geo-for-all/geo-newsletters-archive/,,,preferred,,,
osgeo-info:Info257,osgeo-concept:c257,osgeo:ConceptInfo,owl:NamedIndividual,,,,preferred,,,
osgeo-info:Info258,osgeo-concept:c258,osgeo:ConceptInfo,owl:NamedIndividual,https://www.opengeospatial.org/acronyms,,,preferred,,,
osgeo-info:Info259,osgeo-concept:c259,osgeo:ConceptInfo,owl:NamedIndividual,https://www.osgeo.org/initiatives/geo-for-all/geo-newsletters-archive/,,,preferred,,,
osgeo-info:Info260,osgeo-concept:c260,osgeo:ConceptInfo,owl:NamedIndividual,https://www.opengeospatial.org/acronyms,,,preferred,,,
osgeo-info:Info261,osgeo-concept:c261,osgeo:ConceptInfo,owl:NamedIndividual,https://www.opengeospatial.org/acronyms,,,preferred,,,
osgeo-info:Info262,osgeo-concept:c262,osgeo:ConceptInfo,owl:NamedIndividual,https://geonetwork-opensource.org/manuals/2.10.4/eng/users/glossary.html,,,preferred,,,
osgeo-info:Info263,osgeo-concept:c263,osgeo:ConceptInfo,owl:NamedIndividual,https://mapserver.org/glossary.html,,,preferred,,,
osgeo-info:Info264,osgeo-concept:c264,osgeo:ConceptInfo,owl:NamedIndividual,https://www.opengeospatial.org/acronyms,,,preferred,,,
osgeo-info:Info265,osgeo-concept:c265,osgeo:ConceptInfo,owl:NamedIndividual,https://www.opengeospatial.org/acronyms,,,preferred,,,
osgeo-info:Info266,osgeo-concept:c266,osgeo:ConceptInfo,owl:NamedIndividual,https://www.opengeospatial.org/acronyms,,,preferred,,,
osgeo-info:Info267,osgeo-concept:c267,osgeo:ConceptInfo,owl:NamedIndividual,https://www.opengeospatial.org/acronyms,,,preferred,,,
osgeo-info:Info268,osgeo-concept:c268,osgeo:ConceptInfo,owl:NamedIndividual,https://www.opengeospatial.org/acronyms,,,preferred,,,
osgeo-info:Info269,osgeo-concept:c269,osgeo:ConceptInfo,owl:NamedIndividual,https://www.opengeospatial.org/acronyms,,,preferred,,,
osgeo-info:Info270,osgeo-concept:c270,osgeo:ConceptInfo,owl:NamedIndividual,https://www.opengeospatial.org/acronyms,,,preferred,,,
osgeo-info:Info271,osgeo-concept:c271,osgeo:ConceptInfo,owl:NamedIndividual,https://www.opengeospatial.org/acronyms,,,preferred,,,
osgeo-info:Info272,osgeo-concept:c272,osgeo:ConceptInfo,owl:NamedIndividual,https://www.opengeospatial.org/acronyms,,,preferred,,,
osgeo-info:Info273,osgeo-concept:c273,osgeo:ConceptInfo,owl:NamedIndividual,https://www.opengeospatial.org/acronyms,,,preferred,,,
osgeo-info:Info274,osgeo-concept:c274,osgeo:ConceptInfo,owl:NamedIndividual,https://www.opengeospatial.org/acronyms,,,preferred,,,
osgeo-info:Info275,osgeo-concept:c275,osgeo:ConceptInfo,owl:NamedIndividual,https://www.opengeospatial.org/acronyms,,,preferred,,,
osgeo-info:Info276,osgeo-concept:c276,osgeo:ConceptInfo,owl:NamedIndividual,https://www.opengeospatial.org/acronyms,,,preferred,,,
osgeo-info:Info277,osgeo-concept:c277,osgeo:ConceptInfo,owl:NamedIndividual,https://www.opengeospatial.org/acronyms,,,preferred,,,
osgeo-info:Info278,osgeo-concept:c278,osgeo:ConceptInfo,owl:NamedIndividual,https://www.opengeospatial.org/acronyms,,,preferred,,,
osgeo-info:Info279,osgeo-concept:c279,osgeo:ConceptInfo,owl:NamedIndividual,https://www.opengeospatial.org/acronyms,,,preferred,,,
osgeo-info:Info280,osgeo-concept:c280,osgeo:ConceptInfo,owl:NamedIndividual,https://mapserver.org/glossary.html,,,preferred,,,
osgeo-info:Info281,osgeo-concept:c281,osgeo:ConceptInfo,owl:NamedIndividual,https://www.opengeospatial.org/acronyms,,,preferred,,,
osgeo-info:Info282,osgeo-concept:c282,osgeo:ConceptInfo,owl:NamedIndividual,https://www.opengeospatial.org/acronyms,,,preferred,,,
osgeo-info:Info283,osgeo-concept:c283,osgeo:ConceptInfo,owl:NamedIndividual,https://www.opengeospatial.org/acronyms,,,preferred,,,
osgeo-info:Info284,osgeo-concept:c284,osgeo:ConceptInfo,owl:NamedIndividual,https://www.opengeospatial.org/acronyms,,,preferred,,,
osgeo-info:Info285,osgeo-concept:c285,osgeo:ConceptInfo,owl:NamedIndividual,https://www.opengeospatial.org/acronyms,,,preferred,,,
osgeo-info:Info286,osgeo-concept:c286,osgeo:ConceptInfo,owl:NamedIndividual,https://www.opengeospatial.org/acronyms,,,preferred,,,
osgeo-info:Info287,osgeo-concept:c287,osgeo:ConceptInfo,owl:NamedIndividual,https://www.opengeospatial.org/acronyms,,,preferred,,,
osgeo-info:Info288,osgeo-concept:c288,osgeo:ConceptInfo,owl:NamedIndividual,https://www.opengeospatial.org/acronyms,,,preferred,,,
osgeo-info:Info289,osgeo-concept:c289,osgeo:ConceptInfo,owl:NamedIndividual,https://www.opengeospatial.org/acronyms,,,preferred,,,
osgeo-info:Info290,osgeo-concept:c290,osgeo:ConceptInfo,owl:NamedIndividual,https://www.opengeospatial.org/acronyms,,,preferred,,,
osgeo-info:Info291,osgeo-concept:c291,osgeo:ConceptInfo,owl:NamedIndividual,https://www.opengeospatial.org/acronyms,,,preferred,,,
osgeo-info:Info292,osgeo-concept:c292,osgeo:ConceptInfo,owl:NamedIndividual,https://www.opengeospatial.org/acronyms,,,preferred,,,
osgeo-info:Info293,osgeo-concept:c293,osgeo:ConceptInfo,owl:NamedIndividual,https://www.opengeospatial.org/acronyms,,,preferred,,,
osgeo-info:Info294,osgeo-concept:c294,osgeo:ConceptInfo,owl:NamedIndividual,https://mapserver.org/glossary.html,,,preferred,,,
osgeo-info:Info295,osgeo-concept:c295,osgeo:ConceptInfo,owl:NamedIndividual,https://www.opengeospatial.org/acronyms,,,preferred,,,
osgeo-info:Info296,osgeo-concept:c296,osgeo:ConceptInfo,owl:NamedIndividual,https://www.opengeospatial.org/acronyms,,,preferred,,,
osgeo-info:Info297,osgeo-concept:c297,osgeo:ConceptInfo,owl:NamedIndividual,https://www.opengeospatial.org/acronyms,,,preferred,,,
osgeo-info:Info298,osgeo-concept:c298,osgeo:ConceptInfo,owl:NamedIndividual,https://www.opengeospatial.org/acronyms,,,preferred,,,
osgeo-info:Info299,osgeo-concept:c299,osgeo:ConceptInfo,owl:NamedIndividual,https://www.opengeospatial.org/acronyms,,,preferred,,,
osgeo-info:Info300,osgeo-concept:c300,osgeo:ConceptInfo,owl:NamedIndividual,https://www.opengeospatial.org/acronyms,,,preferred,,,
osgeo-info:Info301,osgeo-concept:c301,osgeo:ConceptInfo,owl:NamedIndividual,https://www.opengeospatial.org/acronyms,,,preferred,,,
osgeo-info:Info302,osgeo-concept:c302,osgeo:ConceptInfo,owl:NamedIndividual,https://mapserver.org/glossary.html,,,preferred,,,
osgeo-info:Info303,osgeo-concept:c303,osgeo:ConceptInfo,owl:NamedIndividual,https://mapserver.org/glossary.html,,,preferred,,,
osgeo-info:Info304,osgeo-concept:c304,osgeo:ConceptInfo,owl:NamedIndividual,https://mapserver.org/glossary.html,,,preferred,,,
osgeo-info:Info305,osgeo-concept:c305,osgeo:ConceptInfo,owl:NamedIndividual,https://mapserver.org/glossary.html,,,preferred,,,
osgeo-info:Info306,osgeo-concept:c306,osgeo:ConceptInfo,owl:NamedIndividual,https://www.opengeospatial.org/acronyms,,,preferred,,,
osgeo-info:Info307,osgeo-concept:c307,osgeo:ConceptInfo,owl:NamedIndividual,https://www.opengeospatial.org/acronyms,,,preferred,,,
osgeo-info:Info308,osgeo-concept:c308,osgeo:ConceptInfo,owl:NamedIndividual,https://www.opengeospatial.org/acronyms,,,preferred,,,
osgeo-info:Info309,osgeo-concept:c309,osgeo:ConceptInfo,owl:NamedIndividual,https://www.opengeospatial.org/acronyms,,,preferred,,,
osgeo-info:Info310,osgeo-concept:c310,osgeo:ConceptInfo,owl:NamedIndividual,https://www.opengeospatial.org/acronyms,,,preferred,,,
osgeo-info:Info311,osgeo-concept:c311,osgeo:ConceptInfo,owl:NamedIndividual,https://www.opengeospatial.org/acronyms,,,preferred,,,
osgeo-info:Info312,osgeo-concept:c312,osgeo:ConceptInfo,owl:NamedIndividual,https://mapserver.org/glossary.html,,,preferred,,,
osgeo-info:Info313,osgeo-concept:c313,osgeo:ConceptInfo,owl:NamedIndividual,https://geonetwork-opensource.org/manuals/2.10.4/eng/users/glossary.html,,,preferred,,,
osgeo-info:Info314,osgeo-concept:c314,osgeo:ConceptInfo,owl:NamedIndividual,https://www.osgeo.org/initiatives/geo-for-all/geo-newsletters-archive/,,,preferred,,,
osgeo-info:Info315,osgeo-concept:c315,osgeo:ConceptInfo,owl:NamedIndividual,https://www.opengeospatial.org/acronyms,,,preferred,,,
osgeo-info:Info316,osgeo-concept:c316,osgeo:ConceptInfo,owl:NamedIndividual,https://www.opengeospatial.org/acronyms,,,preferred,,,
osgeo-info:Info317,osgeo-concept:c317,osgeo:ConceptInfo,owl:NamedIndividual,https://www.opengeospatial.org/acronyms,,,preferred,,,
osgeo-info:Info318,osgeo-concept:c318,osgeo:ConceptInfo,owl:NamedIndividual,https://www.opengeospatial.org/acronyms,,,preferred,,,
osgeo-info:Info319,osgeo-concept:c319,osgeo:ConceptInfo,owl:NamedIndividual,https://www.opengeospatial.org/acronyms,,,preferred,,,
osgeo-info:Info320,osgeo-concept:c320,osgeo:ConceptInfo,owl:NamedIndividual,https://mapserver.org/glossary.html,,,preferred,,,
osgeo-info:Info321,osgeo-concept:c321,osgeo:ConceptInfo,owl:NamedIndividual,https://www.opengeospatial.org/acronyms,,,preferred,,,
osgeo-info:Info322,osgeo-concept:c322,osgeo:ConceptInfo,owl:NamedIndividual,https://www.osgeo.org/initiatives/geo-for-all/geo-newsletters-archive/,,,preferred,,,
osgeo-info:Info323,osgeo-concept:c323,osgeo:ConceptInfo,owl:NamedIndividual,https://www.opengeospatial.org/acronyms,,,preferred,,,
osgeo-info:Info324,osgeo-concept:c324,osgeo:ConceptInfo,owl:NamedIndividual,https://www.osgeo.org/initiatives/geo-for-all/geo-newsletters-archive/,,,preferred,,,
osgeo-info:Info325,osgeo-concept:c325,osgeo:ConceptInfo,owl:NamedIndividual,https://www.osgeo.org/initiatives/geo-for-all/geo-newsletters-archive/,,,preferred,,,
osgeo-info:Info326,osgeo-concept:c326,osgeo:ConceptInfo,owl:NamedIndividual,https://www.opengeospatial.org/acronyms,,,preferred,,,
osgeo-info:Info327,osgeo-concept:c327,osgeo:ConceptInfo,owl:NamedIndividual,https://www.opengeospatial.org/acronyms,,,preferred,,,
osgeo-info:Info328,osgeo-concept:c328,osgeo:ConceptInfo,owl:NamedIndividual,https://www.opengeospatial.org/acronyms,,,preferred,,,
osgeo-info:Info329,osgeo-concept:c329,osgeo:ConceptInfo,owl:NamedIndividual,https://www.osgeo.org/initiatives/geo-for-all/geo-newsletters-archive/,,,preferred,,,
osgeo-info:Info330,osgeo-concept:c330,osgeo:ConceptInfo,owl:NamedIndividual,https://www.opengeospatial.org/acronyms,,,preferred,,,
osgeo-info:Info331,osgeo-concept:c331,osgeo:ConceptInfo,owl:NamedIndividual,https://www.opengeospatial.org/acronyms,,,preferred,,,
osgeo-info:Info332,osgeo-concept:c332,osgeo:ConceptInfo,owl:NamedIndividual,https://www.opengeospatial.org/acronyms,,,preferred,,,
osgeo-info:Info333,osgeo-concept:c333,osgeo:ConceptInfo,owl:NamedIndividual,https://mapserver.org/glossary.html,,,preferred,,,
osgeo-info:Info334,osgeo-concept:c334,osgeo:ConceptInfo,owl:NamedIndividual,https://www.osgeo.org/initiatives/geo-for-all/geo-newsletters-archive/,,,preferred,,,
osgeo-info:Info335,osgeo-concept:c335,osgeo:ConceptInfo,owl:NamedIndividual,https://www.osgeo.org/initiatives/geo-for-all/geo-newsletters-archive/,,,preferred,,,
osgeo-info:Info336,osgeo-concept:c336,osgeo:ConceptInfo,owl:NamedIndividual,https://www.opengeospatial.org/acronyms,,,preferred,,,
osgeo-info:Info337,osgeo-concept:c337,osgeo:ConceptInfo,owl:NamedIndividual,https://www.opengeospatial.org/acronyms,,,preferred,,,
osgeo-info:Info338,osgeo-concept:c338,osgeo:ConceptInfo,owl:NamedIndividual,,osgeo-source:ISO-19123-2005,4.1.30,preferred,,,
osgeo-info:Info339,osgeo-concept:c339,osgeo:ConceptInfo,owl:NamedIndividual,,,,preferred,,,
osgeo-info:Info340,osgeo-concept:c340,osgeo:ConceptInfo,owl:NamedIndividual,,osgeo-source:ISO-19111-2019,3.1.15,preferred,,,
osgeo-info:Info341,osgeo-concept:c341,osgeo:ConceptInfo,owl:NamedIndividual,https://www.opengeospatial.org/acronyms,,,preferred,,,
osgeo-info:Info342,osgeo-concept:c342,osgeo:ConceptInfo,owl:NamedIndividual,https://www.osgeo.org/initiatives/geo-for-all/geo-newsletters-archive/,,,preferred,,,
osgeo-info:Info343,osgeo-concept:c343,osgeo:ConceptInfo,owl:NamedIndividual,https://www.osgeo.org/initiatives/geo-for-all/geo-newsletters-archive/,,,preferred,,,
osgeo-info:Info344,osgeo-concept:c344,osgeo:ConceptInfo,owl:NamedIndividual,https://www.opengeospatial.org/acronyms,,,preferred,,,
osgeo-info:Info345,osgeo-concept:c345,osgeo:ConceptInfo,owl:NamedIndividual,https://www.opengeospatial.org/acronyms,,,preferred,,,
osgeo-info:Info346,osgeo-concept:c346,osgeo:ConceptInfo,owl:NamedIndividual,https://www.opengeospatial.org/acronyms,,,preferred,,,
osgeo-info:Info347,osgeo-concept:c347,osgeo:ConceptInfo,owl:NamedIndividual,https://www.opengeospatial.org/acronyms,,,preferred,,,
osgeo-info:Info348,osgeo-concept:c348,osgeo:ConceptInfo,owl:NamedIndividual,https://www.opengeospatial.org/acronyms,,,preferred,,,
osgeo-info:Info349,osgeo-concept:c349,osgeo:ConceptInfo,owl:NamedIndividual,https://www.opengeospatial.org/acronyms,,,preferred,,,
osgeo-info:Info350,osgeo-concept:c350,osgeo:ConceptInfo,owl:NamedIndividual,https://www.opengeospatial.org/acronyms,,,preferred,,,
osgeo-info:Info351,osgeo-concept:c351,osgeo:ConceptInfo,owl:NamedIndividual,https://www.opengeospatial.org/acronyms,,,preferred,,,
osgeo-info:Info352,osgeo-concept:c352,osgeo:ConceptInfo,owl:NamedIndividual,https://www.opengeospatial.org/acronyms,,,preferred,,,
osgeo-info:Info353,osgeo-concept:c353,osgeo:ConceptInfo,owl:NamedIndividual,https://www.osgeo.org/initiatives/geo-for-all/geo-newsletters-archive/,,,preferred,,,
osgeo-info:Info354,osgeo-concept:c354,osgeo:ConceptInfo,owl:NamedIndividual,https://www.opengeospatial.org/acronyms,,,preferred,,,
osgeo-info:Info355,osgeo-concept:c355,osgeo:ConceptInfo,owl:NamedIndividual,https://www.osgeo.org/initiatives/geo-for-all/geo-newsletters-archive/,,,preferred,,,
osgeo-info:Info356,osgeo-concept:c356,osgeo:ConceptInfo,owl:NamedIndividual,https://www.opengeospatial.org/acronyms,,,preferred,,,
osgeo-info:Info357,osgeo-concept:c357,osgeo:ConceptInfo,owl:NamedIndividual,,,,preferred,,,
osgeo-info:Info358,osgeo-concept:c358,osgeo:ConceptInfo,owl:NamedIndividual,https://www.osgeo.org/initiatives/geo-for-all/geo-newsletters-archive/,,,preferred,,,
osgeo-info:Info359,osgeo-concept:c359,osgeo:ConceptInfo,owl:NamedIndividual,https://www.opengeospatial.org/acronyms,,,preferred,,,
osgeo-info:Info360,osgeo-concept:c360,osgeo:ConceptInfo,owl:NamedIndividual,https://www.opengeospatial.org/acronyms,,,preferred,,,
osgeo-info:Info361,osgeo-concept:c361,osgeo:ConceptInfo,owl:NamedIndividual,https://geonetwork-opensource.org/manuals/2.10.4/eng/users/glossary.html,,,preferred,,,
osgeo-info:Info362,osgeo-concept:c362,osgeo:ConceptInfo,owl:NamedIndividual,https://mapserver.org/glossary.html,,,preferred,,,
osgeo-info:Info363,osgeo-concept:c363,osgeo:ConceptInfo,owl:NamedIndividual,https://geonetwork-opensource.org/manuals/2.10.4/eng/users/glossary.html,,,preferred,,,
osgeo-info:Info364,osgeo-concept:c364,osgeo:ConceptInfo,owl:NamedIndividual,https://mapserver.org/glossary.html,,,preferred,,,
osgeo-info:Info365,osgeo-concept:c365,osgeo:ConceptInfo,owl:NamedIndividual,https://www.osgeo.org/initiatives/geo-for-all/geo-newsletters-archive/,,,preferred,,,
osgeo-info:Info366,osgeo-concept:c366,osgeo:ConceptInfo,owl:NamedIndividual,https://www.osgeo.org/initiatives/geo-for-all/geo-newsletters-archive/,,,preferred,,,
osgeo-info:Info367,osgeo-concept:c367,osgeo:ConceptInfo,owl:NamedIndividual,https://www.opengeospatial.org/acronyms,,,preferred,,,
osgeo-info:Info368,osgeo-concept:c368,osgeo:ConceptInfo,owl:NamedIndividual,https://www.opengeospatial.org/acronyms,,,preferred,,,
osgeo-info:Info369,osgeo-concept:c369,osgeo:ConceptInfo,owl:NamedIndividual,https://www.opengeospatial.org/acronyms,,,preferred,,,
osgeo-info:Info370,osgeo-concept:c370,osgeo:ConceptInfo,owl:NamedIndividual,https://www.w3.org/TR/skos-reference/,,,preferred,,,
osgeo-info:Info371,osgeo-concept:c371,osgeo:ConceptInfo,owl:NamedIndividual,https://geonetwork-opensource.org/manuals/2.10.4/eng/users/glossary.html,,,preferred,,,
osgeo-info:Info372,osgeo-concept:c372,osgeo:ConceptInfo,owl:NamedIndividual,https://geonetwork-opensource.org/manuals/2.10.4/eng/users/glossary.html,,,preferred,,,
osgeo-info:Info373,osgeo-concept:c373,osgeo:ConceptInfo,owl:NamedIndividual,https://mapserver.org/glossary.html,,,preferred,,,
osgeo-info:Info374,osgeo-concept:c374,osgeo:ConceptInfo,owl:NamedIndividual,https://www.opengeospatial.org/acronyms,,,preferred,,,
osgeo-info:Info375,osgeo-concept:c375,osgeo:ConceptInfo,owl:NamedIndividual,https://www.osgeo.org/initiatives/geo-for-all/geo-newsletters-archive/,,,preferred,,,
osgeo-info:Info376,osgeo-concept:c376,osgeo:ConceptInfo,owl:NamedIndividual,https://www.opengeospatial.org/acronyms,,,preferred,,,
osgeo-info:Info377,osgeo-concept:c377,osgeo:ConceptInfo,owl:NamedIndividual,https://joinup.ec.europa.eu/sites/default/files/document/2011-12/gvsig-1_0-man-v1-en_01.pdf,,,preferred,,,
osgeo-info:Info378,osgeo-concept:c378,osgeo:ConceptInfo,owl:NamedIndividual,https://www.opengeospatial.org/acronyms,,,preferred,,,
osgeo-info:Info379,osgeo-concept:c379,osgeo:ConceptInfo,owl:NamedIndividual,https://www.opengeospatial.org/acronyms,,,preferred,,,
osgeo-info:Info380,osgeo-concept:c380,osgeo:ConceptInfo,owl:NamedIndividual,,osgeo-source:ISO-19155-2012,4.2,preferred,,,
osgeo-info:Info381,osgeo-concept:c381,osgeo:ConceptInfo,owl:NamedIndividual,https://www.opengeospatial.org/acronyms,,,preferred,,,
osgeo-info:Info382,osgeo-concept:c382,osgeo:ConceptInfo,owl:NamedIndividual,https://www.opengeospatial.org/acronyms,,,preferred,,,
osgeo-info:Info383,osgeo-concept:c383,osgeo:ConceptInfo,owl:NamedIndividual,,,,preferred,,,
osgeo-info:Info384,osgeo-concept:c384,osgeo:ConceptInfo,owl:NamedIndividual,https://www.osgeo.org/initiatives/geo-for-all/geo-newsletters-archive/,,,preferred,,,
osgeo-info:Info385,osgeo-concept:c385,osgeo:ConceptInfo,owl:NamedIndividual,,,,preferred,,,
osgeo-info:Info386,osgeo-concept:c386,osgeo:ConceptInfo,owl:NamedIndividual,https://www.opengeospatial.org/acronyms,,,preferred,,,
osgeo-info:Info387,osgeo-concept:c387,osgeo:ConceptInfo,owl:NamedIndividual,https://www.opengeospatial.org/acronyms,,,preferred,,,
osgeo-info:Info388,osgeo-concept:c388,osgeo:ConceptInfo,owl:NamedIndividual,https://www.opengeospatial.org/acronyms,,,preferred,,,
osgeo-info:Info389,osgeo-concept:c389,osgeo:ConceptInfo,owl:NamedIndividual,https://www.opengeospatial.org/acronyms,,,preferred,,,
osgeo-info:Info390,osgeo-concept:c390,osgeo:ConceptInfo,owl:NamedIndividual,https://www.opengeospatial.org/acronyms,,,preferred,,,
osgeo-info:Info391,osgeo-concept:c391,osgeo:ConceptInfo,owl:NamedIndividual,https://www.opengeospatial.org/acronyms,,,preferred,,,
osgeo-info:Info392,osgeo-concept:c392,osgeo:ConceptInfo,owl:NamedIndividual,https://www.osgeo.org/initiatives/geo-for-all/geo-newsletters-archive/,,,preferred,,,
osgeo-info:Info393,osgeo-concept:c393,osgeo:ConceptInfo,owl:NamedIndividual,https://www.opengeospatial.org/acronyms,,,preferred,,,
osgeo-info:Info394,osgeo-concept:c394,osgeo:ConceptInfo,owl:NamedIndividual,https://www.opengeospatial.org/acronyms,,,preferred,,,
osgeo-info:Info395,osgeo-concept:c395,osgeo:ConceptInfo,owl:NamedIndividual,https://www.opengeospatial.org/acronyms,,,preferred,,,
osgeo-info:Info396,osgeo-concept:c396,osgeo:ConceptInfo,owl:NamedIndividual,https://www.opengeospatial.org/acronyms,,,preferred,,,
osgeo-info:Info397,osgeo-concept:c397,osgeo:ConceptInfo,owl:NamedIndividual,https://www.opengeospatial.org/acronyms,,,preferred,,,
osgeo-info:Info398,osgeo-concept:c398,osgeo:ConceptInfo,owl:NamedIndividual,https://www.opengeospatial.org/acronyms,,,preferred,,,
osgeo-info:Info399,osgeo-concept:c399,osgeo:ConceptInfo,owl:NamedIndividual,https://geonetwork-opensource.org/manuals/2.10.4/eng/users/glossary.html,,,preferred,,,
osgeo-info:Info400,osgeo-concept:c400,osgeo:ConceptInfo,owl:NamedIndividual,https://www.opengeospatial.org/acronyms,,,preferred,,,
osgeo-info:Info401,osgeo-concept:c401,osgeo:ConceptInfo,owl:NamedIndividual,https://www.osgeo.org/initiatives/geo-for-all/geo-newsletters-archive/,,,preferred,,,
osgeo-info:Info402,osgeo-concept:c402,osgeo:ConceptInfo,owl:NamedIndividual,http://www.osgeo.org/,,,preferred,,,
osgeo-info:Info403,osgeo-concept:c403,osgeo:ConceptInfo,owl:NamedIndividual,https://mapserver.org/glossary.html,,,preferred,,,
osgeo-info:Info404,osgeo-concept:c404,osgeo:ConceptInfo,owl:NamedIndividual,https://www.opengeospatial.org/acronyms,,,preferred,,,
osgeo-info:Info405,osgeo-concept:c405,osgeo:ConceptInfo,owl:NamedIndividual,https://www.osgeo.org/initiatives/geo-for-all/geo-newsletters-archive/,,,preferred,,,
osgeo-info:Info406,osgeo-concept:c406,osgeo:ConceptInfo,owl:NamedIndividual,https://www.osgeo.org/initiatives/geo-for-all/geo-newsletters-archive/,,,preferred,,,
osgeo-info:Info407,osgeo-concept:c407,osgeo:ConceptInfo,owl:NamedIndividual,https://geonetwork-opensource.org/manuals/2.10.4/eng/users/glossary.html,,,preferred,,,
osgeo-info:Info408,osgeo-concept:c408,osgeo:ConceptInfo,owl:NamedIndividual,https://www.opengeospatial.org/acronyms,,,preferred,,,
osgeo-info:Info409,osgeo-concept:c409,osgeo:ConceptInfo,owl:NamedIndividual,https://geonetwork-opensource.org/manuals/2.10.4/eng/users/glossary.html,,,preferred,,,
osgeo-info:Info410,osgeo-concept:c410,osgeo:ConceptInfo,owl:NamedIndividual,https://www.osgeo.org/initiatives/geo-for-all/geo-newsletters-archive/,,,preferred,,,
osgeo-info:Info411,osgeo-concept:c411,osgeo:ConceptInfo,owl:NamedIndividual,https://geonetwork-opensource.org/manuals/2.10.4/eng/users/glossary.html,,,preferred,,,
osgeo-info:Info412,osgeo-concept:c412,osgeo:ConceptInfo,owl:NamedIndividual,https://www.osgeo.org/initiatives/geo-for-all/geo-newsletters-archive/,,,preferred,,,
osgeo-info:Info413,osgeo-concept:c413,osgeo:ConceptInfo,owl:NamedIndividual,https://www.opengeospatial.org/acronyms,,,preferred,,,
osgeo-info:Info414,osgeo-concept:c414,osgeo:ConceptInfo,owl:NamedIndividual,https://www.opengeospatial.org/acronyms,,,preferred,,,
osgeo-info:Info415,osgeo-concept:c415,osgeo:ConceptInfo,owl:NamedIndividual,https://geonetwork-opensource.org/manuals/2.10.4/eng/users/glossary.html,,,preferred,,,
osgeo-info:Info416,osgeo-concept:c416,osgeo:ConceptInfo,owl:NamedIndividual,https://www.opengeospatial.org/acronyms,,,preferred,,,
osgeo-info:Info417,osgeo-concept:c417,osgeo:ConceptInfo,owl:NamedIndividual,https://www.osgeo.org/initiatives/geo-for-all/geo-newsletters-archive/,,,preferred,,,
osgeo-info:Info418,osgeo-concept:c418,osgeo:ConceptInfo,owl:NamedIndividual,https://mapserver.org/glossary.html,,,preferred,,,
osgeo-info:Info419,osgeo-concept:c419,osgeo:ConceptInfo,owl:NamedIndividual,https://www.opengeospatial.org/acronyms,,,preferred,,,
osgeo-info:Info420,osgeo-concept:c420,osgeo:ConceptInfo,owl:NamedIndividual,,,,preferred,,,
osgeo-info:Info421,osgeo-concept:c421,osgeo:ConceptInfo,owl:NamedIndividual,https://www.opengeospatial.org/acronyms,,,preferred,,,
osgeo-info:Info422,osgeo-concept:c422,osgeo:ConceptInfo,owl:NamedIndividual,https://www.osgeo.org/initiatives/geo-for-all/geo-newsletters-archive/,,,preferred,,,
osgeo-info:Info423,osgeo-concept:c423,osgeo:ConceptInfo,owl:NamedIndividual,https://www.osgeo.org/initiatives/geo-for-all/geo-newsletters-archive/,,,preferred,,,
osgeo-info:Info424,osgeo-concept:c424,osgeo:ConceptInfo,owl:NamedIndividual,https://www.osgeo.org/initiatives/geo-for-all/geo-newsletters-archive/,,,preferred,,,
osgeo-info:Info425,osgeo-concept:c425,osgeo:ConceptInfo,owl:NamedIndividual,https://www.opengeospatial.org/acronyms,,,preferred,,,
osgeo-info:Info426,osgeo-concept:c426,osgeo:ConceptInfo,owl:NamedIndividual,https://geonetwork-opensource.org/manuals/2.10.4/eng/users/glossary.html,,,preferred,,,
osgeo-info:Info427,osgeo-concept:c427,osgeo:ConceptInfo,owl:NamedIndividual,https://www.opengeospatial.org/acronyms,,,preferred,,,
osgeo-info:Info428,osgeo-concept:c428,osgeo:ConceptInfo,owl:NamedIndividual,https://www.osgeo.org/initiatives/geo-for-all/geo-newsletters-archive/,,,preferred,,,
osgeo-info:Info429,osgeo-concept:c429,osgeo:ConceptInfo,owl:NamedIndividual,https://www.opengeospatial.org/acronyms,,,preferred,,,
osgeo-info:Info430,osgeo-concept:c430,osgeo:ConceptInfo,owl:NamedIndividual,https://www.opengeospatial.org/acronyms,,,preferred,,,
osgeo-info:Info431,osgeo-concept:c431,osgeo:ConceptInfo,owl:NamedIndividual,https://geonetwork-opensource.org/manuals/2.10.4/eng/users/glossary.html,,,preferred,,,
osgeo-info:Info432,osgeo-concept:c432,osgeo:ConceptInfo,owl:NamedIndividual,https://www.opengeospatial.org/acronyms,,,preferred,,,
osgeo-info:Info433,osgeo-concept:c433,osgeo:ConceptInfo,owl:NamedIndividual,https://www.opengeospatial.org/acronyms,,,preferred,,,
osgeo-info:Info434,osgeo-concept:c434,osgeo:ConceptInfo,owl:NamedIndividual,https://www.opengeospatial.org/acronyms,,,preferred,,,
osgeo-info:Info435,osgeo-concept:c435,osgeo:ConceptInfo,owl:NamedIndividual,https://www.opengeospatial.org/acronyms,,,preferred,,,
osgeo-info:Info436,osgeo-concept:c436,osgeo:ConceptInfo,owl:NamedIndividual,https://www.opengeospatial.org/acronyms,,,preferred,,,
osgeo-info:Info437,osgeo-concept:c437,osgeo:ConceptInfo,owl:NamedIndividual,,,,preferred,,,
osgeo-info:Info438,osgeo-concept:c438,osgeo:ConceptInfo,owl:NamedIndividual,https://geonetwork-opensource.org/manuals/2.10.4/eng/users/glossary.html,,,preferred,,,
osgeo-info:Info439,osgeo-concept:c439,osgeo:ConceptInfo,owl:NamedIndividual,https://www.osgeo.org/initiatives/geo-for-all/geo-newsletters-archive/,,,preferred,,,
osgeo-info:Info440,osgeo-concept:c440,osgeo:ConceptInfo,owl:NamedIndividual,https://www.osgeo.org/initiatives/geo-for-all/geo-newsletters-archive/,,,preferred,,,
osgeo-info:Info441,osgeo-concept:c441,osgeo:ConceptInfo,owl:NamedIndividual,https://www.opengeospatial.org/acronyms,,,preferred,,,
osgeo-info:Info442,osgeo-concept:c442,osgeo:ConceptInfo,owl:NamedIndividual,https://www.opengeospatial.org/acronyms,,,preferred,,,
osgeo-info:Info443,osgeo-concept:c443,osgeo:ConceptInfo,owl:NamedIndividual,https://geonetwork-opensource.org/manuals/2.10.4/eng/users/glossary.html,,,preferred,,,
osgeo-info:Info444,osgeo-concept:c444,osgeo:ConceptInfo,owl:NamedIndividual,https://geonetwork-opensource.org/manuals/2.10.4/eng/users/glossary.html,,,preferred,,,