dcterms:identifier,resource,rdf:type,rdf:type,osgeo:hasSource,osgeo:hasSource,osgeo:classification,osgeo:clause,osgeo:date_accepted,osgeo:entry_status,osgeo:date_amended
1,osgeo-info:Info1,osgeo:ConceptInfo,owl:NamedIndividual,https://www.osgeo.org/initiatives/geo-for-all/geo-newsletters-archive/,,preferred,,,,
2,osgeo-info:Info2,osgeo:ConceptInfo,owl:NamedIndividual,https://www.opengeospatial.org/acronyms,,preferred,,,,
3,osgeo-info:Info3,osgeo:ConceptInfo,owl:NamedIndividual,https://www.opengeospatial.org/acronyms,,preferred,,,,
4,osgeo-info:Info4,osgeo:ConceptInfo,owl:NamedIndividual,https://www.opengeospatial.org/acronyms,,preferred,,,,
5,osgeo-info:Info5,osgeo:ConceptInfo,owl:NamedIndividual,https://joinup.ec.europa.eu/sites/default/files/document/2011-12/gvsig-1_0-man-v1-en_01.pdf,,preferred,,,,
6,osgeo-info:Info6,osgeo:ConceptInfo,owl:NamedIndividual,https://joinup.ec.europa.eu/sites/default/files/document/2011-12/gvsig-1_0-man-v1-en_01.pdf,,preferred,,,,
7,osgeo-info:Info7,osgeo:ConceptInfo,owl:NamedIndividual,https://www.osgeo.org/initiatives/geo-for-all/geo-newsletters-archive/,,preferred,,,,
8,osgeo-info:Info8,osgeo:ConceptInfo,owl:NamedIndividual,https://www.osgeo.org/initiatives/geo-for-all/geo-newsletters-archive/,,preferred,,,,
9,osgeo-info:Info9,osgeo:ConceptInfo,owl:NamedIndividual,https://www.osgeo.org/initiatives/geo-for-all/geo-newsletters-archive/,,preferred,,,,
10,osgeo-info:Info10,osgeo:ConceptInfo,owl:NamedIndividual,https://www.opengeospatial.org/acronyms,,preferred,,,,
11,osgeo-info:Info11,osgeo:ConceptInfo,owl:NamedIndividual,https://www.osgeo.org/initiatives/geo-for-all/geo-newsletters-archive/,,preferred,,,,
12,osgeo-info:Info12,osgeo:ConceptInfo,owl:NamedIndividual,https://www.opengeospatial.org/acronyms,,preferred,,,,
13,osgeo-info:Info13,osgeo:ConceptInfo,owl:NamedIndividual,https://mapserver.org/glossary.html,,preferred,,,,
14,osgeo-info:Info14,osgeo:ConceptInfo,owl:NamedIndividual,https://www.opengeospatial.org/acronyms,,preferred,,,,
15,osgeo-info:Info15,osgeo:ConceptInfo,owl:NamedIndividual,https://www.opengeospatial.org/acronyms,,preferred,,,,
16,osgeo-info:Info16,osgeo:ConceptInfo,owl:NamedIndividual,https://www.opengeospatial.org/acronyms,,preferred,,,,
17,osgeo-info:Info17,osgeo:ConceptInfo,owl:NamedIndividual,https://www.osgeo.org/initiatives/geo-for-all/geo-newsletters-archive/,,preferred,,,,
18,osgeo-info:Info18,osgeo:ConceptInfo,owl:NamedIndividual,https://www.opengeospatial.org/acronyms,,preferred,,,,
19,osgeo-info:Info19,osgeo:ConceptInfo,owl:NamedIndividual,https://www.opengeospatial.org/acronyms,,preferred,,,,
20,osgeo-info:Info20,osgeo:ConceptInfo,owl:NamedIndividual,https://joinup.ec.europa.eu/sites/default/files/document/2011-12/gvsig-1_0-man-v1-en_01.pdf,,preferred,,,,
21,osgeo-info:Info21,osgeo:ConceptInfo,owl:NamedIndividual,https://www.osgeo.org/initiatives/geo-for-all/geo-newsletters-archive/,,preferred,,,,
22,osgeo-info:Info22,osgeo:ConceptInfo,owl:NamedIndividual,https://www.opengeospatial.org/acronyms,,preferred,,,,
23,osgeo-info:Info23,osgeo:ConceptInfo,owl:NamedIndividual,https://www.osgeo.org/initiatives/geo-for-all/geo-newsletters-archive/,,preferred,,,,
24,osgeo-info:Info24,osgeo:ConceptInfo,owl:NamedIndividual,https://joinup.ec.europa.eu/sites/default/files/document/2011-12/gvsig-1_0-man-v1-en_01.pdf,,preferred,,,,
25,osgeo-info:Info25,osgeo:ConceptInfo,owl:NamedIndividual,https://www.opengeospatial.org/acronyms,,preferred,,,,
26,osgeo-info:Info26,osgeo:ConceptInfo,owl:NamedIndividual,https://geonetwork-opensource.org/manuals/2.10.4/eng/users/glossary.html,,preferred,,,,
27,osgeo-info:Info27,osgeo:ConceptInfo,owl:NamedIndividual,https://www.osgeo.org/initiatives/geo-for-all/geo-newsletters-archive/,,preferred,,,,
28,osgeo-info:Info28,osgeo:ConceptInfo,owl:NamedIndividual,https://joinup.ec.europa.eu/sites/default/files/document/2011-12/gvsig-1_0-man-v1-en_01.pdf,,preferred,,,,
29,osgeo-info:Info29,osgeo:ConceptInfo,owl:NamedIndividual,https://www.osgeo.org/initiatives/geo-for-all/geo-newsletters-archive/,,preferred,,,,
30,osgeo-info:Info30,osgeo:ConceptInfo,owl:NamedIndividual,https://www.opengeospatial.org/acronyms,,preferred,,,,
31,osgeo-info:Info31,osgeo:ConceptInfo,owl:NamedIndividual,https://www.osgeo.org/initiatives/geo-for-all/geo-newsletters-archive/,,preferred,,,,
32,osgeo-info:Info32,osgeo:ConceptInfo,owl:NamedIndividual,https://www.osgeo.org/initiatives/geo-for-all/geo-newsletters-archive/,,preferred,,,,
33,osgeo-info:Info33,osgeo:ConceptInfo,owl:NamedIndividual,,,preferred,,,,
34,osgeo-info:Info34,osgeo:ConceptInfo,owl:NamedIndividual,https://geonetwork-opensource.org/manuals/2.10.4/eng/users/glossary.html,,preferred,,,,
35,osgeo-info:Info35,osgeo:ConceptInfo,owl:NamedIndividual,,,preferred,,,,
36,osgeo-info:Info36,osgeo:ConceptInfo,owl:NamedIndividual,https://joinup.ec.europa.eu/sites/default/files/document/2011-12/gvsig-1_0-man-v1-en_01.pdf,,preferred,,,,
37,osgeo-info:Info37,osgeo:ConceptInfo,owl:NamedIndividual,https://joinup.ec.europa.eu/sites/default/files/document/2011-12/gvsig-1_0-man-v1-en_01.pdf,,preferred,,,,
38,osgeo-info:Info38,osgeo:ConceptInfo,owl:NamedIndividual,https://www.osgeo.org/initiatives/geo-for-all/geo-newsletters-archive/,,preferred,,,,
39,osgeo-info:Info39,osgeo:ConceptInfo,owl:NamedIndividual,https://www.osgeo.org/initiatives/geo-for-all/geo-newsletters-archive/,,preferred,,,,
40,osgeo-info:Info40,osgeo:ConceptInfo,owl:NamedIndividual,https://www.osgeo.org/initiatives/geo-for-all/geo-newsletters-archive/,,preferred,,,,
41,osgeo-info:Info41,osgeo:ConceptInfo,owl:NamedIndividual,,,preferred,,,,
42,osgeo-info:Info42,osgeo:ConceptInfo,owl:NamedIndividual,https://joinup.ec.europa.eu/sites/default/files/document/2011-12/gvsig-1_0-man-v1-en_01.pdf,,preferred,,,,
43,osgeo-info:Info43,osgeo:ConceptInfo,owl:NamedIndividual,https://www.osgeo.org/initiatives/geo-for-all/geo-newsletters-archive/,,preferred,,,,
44,osgeo-info:Info44,osgeo:ConceptInfo,owl:NamedIndividual,https://www.osgeo.org/initiatives/geo-for-all/geo-newsletters-archive/,,preferred,,,,
45,osgeo-info:Info45,osgeo:ConceptInfo,owl:NamedIndividual,https://www.osgeo.org/initiatives/geo-for-all/geo-newsletters-archive/,,preferred,,,,
46,osgeo-info:Info46,osgeo:ConceptInfo,owl:NamedIndividual,https://www.opengeospatial.org/acronyms,,preferred,,,,
47,osgeo-info:Info47,osgeo:ConceptInfo,owl:NamedIndividual,https://www.opengeospatial.org/acronyms,,preferred,,,,
48,osgeo-info:Info48,osgeo:ConceptInfo,owl:NamedIndividual,https://www.opengeospatial.org/acronyms,,preferred,,,,
49,osgeo-info:Info49,osgeo:ConceptInfo,owl:NamedIndividual,https://www.osgeo.org/initiatives/geo-for-all/geo-newsletters-archive/,,preferred,,,,
50,osgeo-info:Info50,osgeo:ConceptInfo,owl:NamedIndividual,,,preferred,,,,
51,osgeo-info:Info51,osgeo:ConceptInfo,owl:NamedIndividual,https://www.osgeo.org/initiatives/geo-for-all/geo-newsletters-archive/,,preferred,,,,
52,osgeo-info:Info52,osgeo:ConceptInfo,owl:NamedIndividual,https://joinup.ec.europa.eu/sites/default/files/document/2011-12/gvsig-1_0-man-v1-en_01.pdf,,preferred,,,,
53,osgeo-info:Info53,osgeo:ConceptInfo,owl:NamedIndividual,https://www.opengeospatial.org/acronyms,,preferred,,,,
54,osgeo-info:Info54,osgeo:ConceptInfo,owl:NamedIndividual,https://mapserver.org/glossary.html,,preferred,,,,
55,osgeo-info:Info55,osgeo:ConceptInfo,owl:NamedIndividual,https://www.opengeospatial.org/acronyms,,preferred,,,,
56,osgeo-info:Info56,osgeo:ConceptInfo,owl:NamedIndividual,https://joinup.ec.europa.eu/sites/default/files/document/2011-12/gvsig-1_0-man-v1-en_01.pdf,,preferred,,,,
57,osgeo-info:Info57,osgeo:ConceptInfo,owl:NamedIndividual,,oseo-source:ISO-19111-2019,preferred,,,,
58,osgeo-info:Info58,osgeo:ConceptInfo,owl:NamedIndividual,https://www.osgeo.org/initiatives/geo-for-all/geo-newsletters-archive/,,preferred,,,,
59,osgeo-info:Info59,osgeo:ConceptInfo,owl:NamedIndividual,,oseo-source:ISO-19111-2019,preferred,,,,
60,osgeo-info:Info60,osgeo:ConceptInfo,owl:NamedIndividual,,oseo-source:ISO-19111-2019,preferred,,,,
61,osgeo-info:Info61,osgeo:ConceptInfo,owl:NamedIndividual,,oseo-source:ISO-19123-2005,preferred,,,,
62,osgeo-info:Info62,osgeo:ConceptInfo,owl:NamedIndividual,https://geonetwork-opensource.org/manuals/2.10.4/eng/users/glossary.html,,preferred,,,,
63,osgeo-info:Info63,osgeo:ConceptInfo,owl:NamedIndividual,https://geonetwork-opensource.org/manuals/2.10.4/eng/users/glossary.html,,preferred,,,,
64,osgeo-info:Info64,osgeo:ConceptInfo,owl:NamedIndividual,https://www.osgeo.org/initiatives/geo-for-all/geo-newsletters-archive/,,preferred,,,,
65,osgeo-info:Info65,osgeo:ConceptInfo,owl:NamedIndividual,https://geonetwork-opensource.org/manuals/2.10.4/eng/users/glossary.html,,preferred,,,,
66,osgeo-info:Info66,osgeo:ConceptInfo,owl:NamedIndividual,https://www.opengeospatial.org/acronyms,,preferred,,,,
67,osgeo-info:Info67,osgeo:ConceptInfo,owl:NamedIndividual,,oseo-source:ISO-19129-2009,preferred,,,,
68,osgeo-info:Info68,osgeo:ConceptInfo,owl:NamedIndividual,https://www.opengeospatial.org/acronyms,,preferred,,,,
69,osgeo-info:Info69,osgeo:ConceptInfo,owl:NamedIndividual,https://joinup.ec.europa.eu/sites/default/files/document/2011-12/gvsig-1_0-man-v1-en_01.pdf,,preferred,,,,
70,osgeo-info:Info70,osgeo:ConceptInfo,owl:NamedIndividual,https://geonetwork-opensource.org/manuals/2.10.4/eng/users/glossary.html,,preferred,,,,
71,osgeo-info:Info71,osgeo:ConceptInfo,owl:NamedIndividual,,oseo-source:ISO-19115-1-2014,preferred,,,,
72,osgeo-info:Info72,osgeo:ConceptInfo,owl:NamedIndividual,https://www.opengeospatial.org/acronyms,,preferred,,,,
73,osgeo-info:Info73,osgeo:ConceptInfo,owl:NamedIndividual,https://www.opengeospatial.org/acronyms,,preferred,,,,
74,osgeo-info:Info74,osgeo:ConceptInfo,owl:NamedIndividual,https://www.opengeospatial.org/acronyms,,preferred,,,,
75,osgeo-info:Info75,osgeo:ConceptInfo,owl:NamedIndividual,https://www.opengeospatial.org/acronyms,,preferred,,,,
76,osgeo-info:Info76,osgeo:ConceptInfo,owl:NamedIndividual,https://www.osgeo.org/initiatives/geo-for-all/geo-newsletters-archive/,,preferred,,,,
77,osgeo-info:Info77,osgeo:ConceptInfo,owl:NamedIndividual,https://www.opengeospatial.org/acronyms,,preferred,,,,
78,osgeo-info:Info78,osgeo:ConceptInfo,owl:NamedIndividual,https://www.opengeospatial.org/acronyms,,preferred,,,,
79,osgeo-info:Info79,osgeo:ConceptInfo,owl:NamedIndividual,https://www.opengeospatial.org/acronyms,,preferred,,,,
80,osgeo-info:Info80,osgeo:ConceptInfo,owl:NamedIndividual,https://www.opengeospatial.org/acronyms,,preferred,,,,
81,osgeo-info:Info81,osgeo:ConceptInfo,owl:NamedIndividual,https://www.osgeo.org/initiatives/geo-for-all/geo-newsletters-archive/,,preferred,,,,
82,osgeo-info:Info82,osgeo:ConceptInfo,owl:NamedIndividual,https://www.opengeospatial.org/acronyms,,preferred,,,,
83,osgeo-info:Info83,osgeo:ConceptInfo,owl:NamedIndividual,https://www.opengeospatial.org/acronyms,,preferred,,,,
84,osgeo-info:Info84,osgeo:ConceptInfo,owl:NamedIndividual,https://www.osgeo.org/initiatives/geo-for-all/geo-newsletters-archive/,,preferred,,,,
85,osgeo-info:Info85,osgeo:ConceptInfo,owl:NamedIndividual,https://www.opengeospatial.org/acronyms,,preferred,,,,
86,osgeo-info:Info86,osgeo:ConceptInfo,owl:NamedIndividual,https://www.opengeospatial.org/acronyms,,preferred,,,,
87,osgeo-info:Info87,osgeo:ConceptInfo,owl:NamedIndividual,https://www.opengeospatial.org/acronyms,,preferred,,,,
88,osgeo-info:Info88,osgeo:ConceptInfo,owl:NamedIndividual,https://www.opengeospatial.org/acronyms,,preferred,,,,
89,osgeo-info:Info89,osgeo:ConceptInfo,owl:NamedIndividual,https://geonetwork-opensource.org/manuals/2.10.4/eng/users/glossary.html,,preferred,,,,
90,osgeo-info:Info90,osgeo:ConceptInfo,owl:NamedIndividual,https://www.osgeo.org/initiatives/geo-for-all/geo-newsletters-archive/,,preferred,,,,
91,osgeo-info:Info91,osgeo:ConceptInfo,owl:NamedIndividual,https://www.opengeospatial.org/acronyms,,preferred,,,,
92,osgeo-info:Info92,osgeo:ConceptInfo,owl:NamedIndividual,https://www.opengeospatial.org/acronyms,,preferred,,,,
93,osgeo-info:Info93,osgeo:ConceptInfo,owl:NamedIndividual,https://www.osgeo.org/initiatives/geo-for-all/geo-newsletters-archive/,,preferred,,,,
94,osgeo-info:Info94,osgeo:ConceptInfo,owl:NamedIndividual,https://www.osgeo.org/initiatives/geo-for-all/geo-newsletters-archive/,,preferred,,,,
95,osgeo-info:Info95,osgeo:ConceptInfo,owl:NamedIndividual,https://www.opengeospatial.org/acronyms,,preferred,,,,
96,osgeo-info:Info96,osgeo:ConceptInfo,owl:NamedIndividual,https://joinup.ec.europa.eu/sites/default/files/document/2011-12/gvsig-1_0-man-v1-en_01.pdf,,preferred,,,,
97,osgeo-info:Info97,osgeo:ConceptInfo,owl:NamedIndividual,https://joinup.ec.europa.eu/sites/default/files/document/2011-12/gvsig-1_0-man-v1-en_01.pdf,,preferred,,,,
98,osgeo-info:Info98,osgeo:ConceptInfo,owl:NamedIndividual,,oseo-source:ISO-19111-2019,preferred,,,,
99,osgeo-info:Info99,osgeo:ConceptInfo,owl:NamedIndividual,https://www.opengeospatial.org/acronyms,,preferred,,,,
100,osgeo-info:Info100,osgeo:ConceptInfo,owl:NamedIndividual,https://www.opengeospatial.org/acronyms,,preferred,,,,
101,osgeo-info:Info101,osgeo:ConceptInfo,owl:NamedIndividual,https://www.opengeospatial.org/acronyms,,preferred,,,,
102,osgeo-info:Info102,osgeo:ConceptInfo,owl:NamedIndividual,https://joinup.ec.europa.eu/sites/default/files/document/2011-12/gvsig-1_0-man-v1-en_01.pdf,,preferred,,,,
103,osgeo-info:Info103,osgeo:ConceptInfo,owl:NamedIndividual,https://geonetwork-opensource.org/manuals/2.10.4/eng/users/glossary.html,,preferred,,,,
104,osgeo-info:Info104,osgeo:ConceptInfo,owl:NamedIndividual,https://www.osgeo.org/initiatives/geo-for-all/geo-newsletters-archive/,,preferred,,,,
105,osgeo-info:Info105,osgeo:ConceptInfo,owl:NamedIndividual,https://wiki.osgeo.org/wiki/Starter_Dictionary,,preferred,,,,
106,osgeo-info:Info106,osgeo:ConceptInfo,owl:NamedIndividual,https://mapserver.org/glossary.html,,preferred,,,,
107,osgeo-info:Info107,osgeo:ConceptInfo,owl:NamedIndividual,https://www.osgeo.org/initiatives/geo-for-all/geo-newsletters-archive/,,preferred,,,,
108,osgeo-info:Info108,osgeo:ConceptInfo,owl:NamedIndividual,,,preferred,,,,
109,osgeo-info:Info109,osgeo:ConceptInfo,owl:NamedIndividual,https://joinup.ec.europa.eu/sites/default/files/document/2011-12/gvsig-1_0-man-v1-en_01.pdf,,preferred,,,,
110,osgeo-info:Info110,osgeo:ConceptInfo,owl:NamedIndividual,https://www.opengeospatial.org/acronyms,,preferred,,,,
111,osgeo-info:Info111,osgeo:ConceptInfo,owl:NamedIndividual,https://joinup.ec.europa.eu/sites/default/files/document/2011-12/gvsig-1_0-man-v1-en_01.pdf,,preferred,,,,
112,osgeo-info:Info112,osgeo:ConceptInfo,owl:NamedIndividual,https://geonetwork-opensource.org/manuals/2.10.4/eng/users/glossary.html,,preferred,,,,
113,osgeo-info:Info113,osgeo:ConceptInfo,owl:NamedIndividual,https://www.osgeo.org/initiatives/geo-for-all/geo-newsletters-archive/,,preferred,,,,
114,osgeo-info:Info114,osgeo:ConceptInfo,owl:NamedIndividual,https://www.opengeospatial.org/acronyms,,preferred,,,,
115,osgeo-info:Info115,osgeo:ConceptInfo,owl:NamedIndividual,https://www.osgeo.org/initiatives/geo-for-all/geo-newsletters-archive/,,preferred,,,,
116,osgeo-info:Info116,osgeo:ConceptInfo,owl:NamedIndividual,https://www.osgeo.org/initiatives/geo-for-all/geo-newsletters-archive/,,preferred,,,,
117,osgeo-info:Info117,osgeo:ConceptInfo,owl:NamedIndividual,https://geonetwork-opensource.org/manuals/2.10.4/eng/users/glossary.html,,preferred,,,,
118,osgeo-info:Info118,osgeo:ConceptInfo,owl:NamedIndividual,https://www.opengeospatial.org/acronyms,,preferred,,,,
119,osgeo-info:Info119,osgeo:ConceptInfo,owl:NamedIndividual,https://www.osgeo.org/initiatives/geo-for-all/geo-newsletters-archive/,,preferred,,,,
120,osgeo-info:Info120,osgeo:ConceptInfo,owl:NamedIndividual,,oseo-source:ISO-19156-2011,preferred,,,,
121,osgeo-info:Info121,osgeo:ConceptInfo,owl:NamedIndividual,https://geonetwork-opensource.org/manuals/2.10.4/eng/users/glossary.html,,preferred,,,,
122,osgeo-info:Info122,osgeo:ConceptInfo,owl:NamedIndividual,https://geonetwork-opensource.org/manuals/2.10.4/eng/users/glossary.html,,preferred,,,,
123,osgeo-info:Info123,osgeo:ConceptInfo,owl:NamedIndividual,https://geonetwork-opensource.org/manuals/2.10.4/eng/users/glossary.html,,preferred,,,,
124,osgeo-info:Info124,osgeo:ConceptInfo,owl:NamedIndividual,,,preferred,,,,
125,osgeo-info:Info125,osgeo:ConceptInfo,owl:NamedIndividual,https://mapserver.org/glossary.html,,preferred,,,,
126,osgeo-info:Info126,osgeo:ConceptInfo,owl:NamedIndividual,https://joinup.ec.europa.eu/sites/default/files/document/2011-12/gvsig-1_0-man-v1-en_01.pdf,,preferred,,,,
127,osgeo-info:Info127,osgeo:ConceptInfo,owl:NamedIndividual,https://www.opengeospatial.org/acronyms,,preferred,,,,
128,osgeo-info:Info128,osgeo:ConceptInfo,owl:NamedIndividual,https://www.opengeospatial.org/acronyms,,preferred,,,,
129,osgeo-info:Info129,osgeo:ConceptInfo,owl:NamedIndividual,,oseo-source:ISO-19111-2019,preferred,,,,
130,osgeo-info:Info130,osgeo:ConceptInfo,owl:NamedIndividual,https://www.opengeospatial.org/acronyms,,preferred,,,,
131,osgeo-info:Info131,osgeo:ConceptInfo,owl:NamedIndividual,https://mapserver.org/glossary.html,,preferred,,,,
132,osgeo-info:Info132,osgeo:ConceptInfo,owl:NamedIndividual,https://geonetwork-opensource.org/manuals/2.10.4/eng/users/glossary.html,,preferred,,,,
133,osgeo-info:Info133,osgeo:ConceptInfo,owl:NamedIndividual,https://geonetwork-opensource.org/manuals/2.10.4/eng/users/glossary.html,,preferred,,,,
134,osgeo-info:Info134,osgeo:ConceptInfo,owl:NamedIndividual,,oseo-source:ISO-19130-1-2018,preferred,,,,
135,osgeo-info:Info135,osgeo:ConceptInfo,owl:NamedIndividual,https://www.opengeospatial.org/acronyms,,preferred,,,,
136,osgeo-info:Info136,osgeo:ConceptInfo,owl:NamedIndividual,,oseo-source:ISO-19115-2-2019,preferred,,,,
137,osgeo-info:Info137,osgeo:ConceptInfo,owl:NamedIndividual,,oseo-source:ISO-19130-1-2018,preferred,,,,
138,osgeo-info:Info138,osgeo:ConceptInfo,owl:NamedIndividual,https://www.opengeospatial.org/acronyms,,preferred,,,,
139,osgeo-info:Info139,osgeo:ConceptInfo,owl:NamedIndividual,https://geonetwork-opensource.org/manuals/2.10.4/eng/users/glossary.html,,preferred,,,,
140,osgeo-info:Info140,osgeo:ConceptInfo,owl:NamedIndividual,https://www.opengeospatial.org/acronyms,,preferred,,,,
141,osgeo-info:Info141,osgeo:ConceptInfo,owl:NamedIndividual,https://www.opengeospatial.org/acronyms,,preferred,,,,
142,osgeo-info:Info142,osgeo:ConceptInfo,owl:NamedIndividual,https://www.opengeospatial.org/acronyms,,preferred,,,,
143,osgeo-info:Info143,osgeo:ConceptInfo,owl:NamedIndividual,https://www.opengeospatial.org/acronyms,,preferred,,,,
144,osgeo-info:Info144,osgeo:ConceptInfo,owl:NamedIndividual,https://www.opengeospatial.org/acronyms,,preferred,,,,
145,osgeo-info:Info145,osgeo:ConceptInfo,owl:NamedIndividual,https://wiki.osgeo.org/wiki/Starter_Dictionary,,preferred,,,,
146,osgeo-info:Info146,osgeo:ConceptInfo,owl:NamedIndividual,https://www.opengeospatial.org/acronyms,,preferred,,,,
147,osgeo-info:Info147,osgeo:ConceptInfo,owl:NamedIndividual,https://wiki.osgeo.org/wiki/Starter_Dictionary,,preferred,,,,
148,osgeo-info:Info148,osgeo:ConceptInfo,owl:NamedIndividual,https://wiki.osgeo.org/wiki/Starter_Dictionary,,preferred,,,,
149,osgeo-info:Info149,osgeo:ConceptInfo,owl:NamedIndividual,https://www.opengeospatial.org/acronyms,,preferred,,,,
150,osgeo-info:Info150,osgeo:ConceptInfo,owl:NamedIndividual,https://www.opengeospatial.org/acronyms,,preferred,,,,
151,osgeo-info:Info151,osgeo:ConceptInfo,owl:NamedIndividual,https://www.opengeospatial.org/acronyms,,preferred,,,,
152,osgeo-info:Info152,osgeo:ConceptInfo,owl:NamedIndividual,https://www.osgeo.org/initiatives/geo-for-all/geo-newsletters-archive/,,preferred,,,,
153,osgeo-info:Info153,osgeo:ConceptInfo,owl:NamedIndividual,https://www.osgeo.org/initiatives/geo-for-all/geo-newsletters-archive/,,preferred,,,,
154,osgeo-info:Info154,osgeo:ConceptInfo,owl:NamedIndividual,https://www.osgeo.org/initiatives/geo-for-all/geo-newsletters-archive/,,preferred,,,,
155,osgeo-info:Info155,osgeo:ConceptInfo,owl:NamedIndividual,https://joinup.ec.europa.eu/sites/default/files/document/2011-12/gvsig-1_0-man-v1-en_01.pdf,,preferred,,,,
156,osgeo-info:Info156,osgeo:ConceptInfo,owl:NamedIndividual,https://www.opengeospatial.org/acronyms,,preferred,,,,
157,osgeo-info:Info157,osgeo:ConceptInfo,owl:NamedIndividual,https://www.opengeospatial.org/acronyms,,preferred,,,,
158,osgeo-info:Info158,osgeo:ConceptInfo,owl:NamedIndividual,,,preferred,,,,
159,osgeo-info:Info159,osgeo:ConceptInfo,owl:NamedIndividual,https://www.opengeospatial.org/acronyms,,preferred,,,,
160,osgeo-info:Info160,osgeo:ConceptInfo,owl:NamedIndividual,https://geonetwork-opensource.org/manuals/2.10.4/eng/users/glossary.html,,preferred,,,,
161,osgeo-info:Info161,osgeo:ConceptInfo,owl:NamedIndividual,https://www.osgeo.org/initiatives/geo-for-all/geo-newsletters-archive/,,preferred,,,,
162,osgeo-info:Info162,osgeo:ConceptInfo,owl:NamedIndividual,https://www.opengeospatial.org/acronyms,,preferred,,,,
163,osgeo-info:Info163,osgeo:ConceptInfo,owl:NamedIndividual,https://mapserver.org/glossary.html,,preferred,,,,
164,osgeo-info:Info164,osgeo:ConceptInfo,owl:NamedIndividual,https://joinup.ec.europa.eu/sites/default/files/document/2011-12/gvsig-1_0-man-v1-en_01.pdf,,preferred,,,,
165,osgeo-info:Info165,osgeo:ConceptInfo,owl:NamedIndividual,https://www.osgeo.org/initiatives/geo-for-all/geo-newsletters-archive/,,preferred,,,,
166,osgeo-info:Info166,osgeo:ConceptInfo,owl:NamedIndividual,,,preferred,,,,
167,osgeo-info:Info167,osgeo:ConceptInfo,owl:NamedIndividual,,oseo-source:ISO-19123-2005,preferred,,,,
168,osgeo-info:Info168,osgeo:ConceptInfo,owl:NamedIndividual,https://www.osgeo.org/initiatives/geo-for-all/geo-newsletters-archive/,,preferred,,,,
169,osgeo-info:Info169,osgeo:ConceptInfo,owl:NamedIndividual,https://www.osgeo.org/initiatives/geo-for-all/geo-newsletters-archive/,,preferred,,,,
170,osgeo-info:Info170,osgeo:ConceptInfo,owl:NamedIndividual,https://joinup.ec.europa.eu/sites/default/files/document/2011-12/gvsig-1_0-man-v1-en_01.pdf,,preferred,,,,
171,osgeo-info:Info171,osgeo:ConceptInfo,owl:NamedIndividual,https://geonetwork-opensource.org/manuals/2.10.4/eng/users/glossary.html,,preferred,,,,
172,osgeo-info:Info172,osgeo:ConceptInfo,owl:NamedIndividual,https://www.opengeospatial.org/acronyms,,preferred,,,,
173,osgeo-info:Info173,osgeo:ConceptInfo,owl:NamedIndividual,https://www.osgeo.org/initiatives/geo-for-all/geo-newsletters-archive/,,preferred,,,,
174,osgeo-info:Info174,osgeo:ConceptInfo,owl:NamedIndividual,https://www.osgeo.org/initiatives/geo-for-all/geo-newsletters-archive/,,preferred,,,,
175,osgeo-info:Info175,osgeo:ConceptInfo,owl:NamedIndividual,https://www.opengeospatial.org/acronyms,,preferred,,,,
176,osgeo-info:Info176,osgeo:ConceptInfo,owl:NamedIndividual,https://www.osgeo.org/initiatives/geo-for-all/geo-newsletters-archive/,,preferred,,,,
177,osgeo-info:Info177,osgeo:ConceptInfo,owl:NamedIndividual,https://www.opengeospatial.org/acronyms,,preferred,,,,
178,osgeo-info:Info178,osgeo:ConceptInfo,owl:NamedIndividual,https://www.opengeospatial.org/acronyms,,preferred,,,,
179,osgeo-info:Info179,osgeo:ConceptInfo,owl:NamedIndividual,,oseo-source:ISO-19115-2-2019,preferred,,,,
180,osgeo-info:Info180,osgeo:ConceptInfo,owl:NamedIndividual,https://www.opengeospatial.org/acronyms,,preferred,,,,
181,osgeo-info:Info181,osgeo:ConceptInfo,owl:NamedIndividual,https://www.opengeospatial.org/acronyms,,preferred,,,,
182,osgeo-info:Info182,osgeo:ConceptInfo,owl:NamedIndividual,https://www.opengeospatial.org/acronyms,,preferred,,,,
183,osgeo-info:Info183,osgeo:ConceptInfo,owl:NamedIndividual,https://www.opengeospatial.org/acronyms,,preferred,,,,
184,osgeo-info:Info184,osgeo:ConceptInfo,owl:NamedIndividual,https://joinup.ec.europa.eu/sites/default/files/document/2011-12/gvsig-1_0-man-v1-en_01.pdf,,preferred,,,,
185,osgeo-info:Info185,osgeo:ConceptInfo,owl:NamedIndividual,https://www.osgeo.org/initiatives/geo-for-all/geo-newsletters-archive/,,preferred,,,,
186,osgeo-info:Info186,osgeo:ConceptInfo,owl:NamedIndividual,https://www.opengeospatial.org/acronyms,,preferred,,,,
187,osgeo-info:Info187,osgeo:ConceptInfo,owl:NamedIndividual,,,preferred,,,,
188,osgeo-info:Info188,osgeo:ConceptInfo,owl:NamedIndividual,https://www.opengeospatial.org/acronyms,,preferred,,,,
189,osgeo-info:Info189,osgeo:ConceptInfo,owl:NamedIndividual,https://www.osgeo.org/initiatives/geo-for-all/geo-newsletters-archive/,,preferred,,,,
190,osgeo-info:Info190,osgeo:ConceptInfo,owl:NamedIndividual,https://www.osgeo.org/initiatives/geo-for-all/geo-newsletters-archive/,,preferred,,,,
191,osgeo-info:Info191,osgeo:ConceptInfo,owl:NamedIndividual,https://www.opengeospatial.org/acronyms,,preferred,,,,
192,osgeo-info:Info192,osgeo:ConceptInfo,owl:NamedIndividual,https://www.osgeo.org/initiatives/geo-for-all/geo-newsletters-archive/,,preferred,,,,
193,osgeo-info:Info193,osgeo:ConceptInfo,owl:NamedIndividual,https://www.opengeospatial.org/acronyms,,preferred,,,,
194,osgeo-info:Info194,osgeo:ConceptInfo,owl:NamedIndividual,https://geonetwork-opensource.org/manuals/2.10.4/eng/users/glossary.html,,preferred,,,,
195,osgeo-info:Info195,osgeo:ConceptInfo,owl:NamedIndividual,https://www.osgeo.org/initiatives/geo-for-all/geo-newsletters-archive/,,preferred,,,,
196,osgeo-info:Info196,osgeo:ConceptInfo,owl:NamedIndividual,,,preferred,,,,
197,osgeo-info:Info197,osgeo:ConceptInfo,owl:NamedIndividual,https://www.opengeospatial.org/acronyms,,preferred,,,,
198,osgeo-info:Info198,osgeo:ConceptInfo,owl:NamedIndividual,https://www.opengeospatial.org/acronyms,,preferred,,,,
199,osgeo-info:Info199,osgeo:ConceptInfo,owl:NamedIndividual,https://www.opengeospatial.org/acronyms,,preferred,,,,
200,osgeo-info:Info200,osgeo:ConceptInfo,owl:NamedIndividual,https://www.opengeospatial.org/acronyms,,preferred,,,,
201,osgeo-info:Info201,osgeo:ConceptInfo,owl:NamedIndividual,https://www.opengeospatial.org/acronyms,,preferred,,,,
202,osgeo-info:Info202,osgeo:ConceptInfo,owl:NamedIndividual,https://www.opengeospatial.org/acronyms,,preferred,,,,
203,osgeo-info:Info203,osgeo:ConceptInfo,owl:NamedIndividual,https://www.opengeospatial.org/acronyms,,preferred,,,,
204,osgeo-info:Info204,osgeo:ConceptInfo,owl:NamedIndividual,,,preferred,,,,
205,osgeo-info:Info205,osgeo:ConceptInfo,owl:NamedIndividual,https://www.opengeospatial.org/acronyms,,preferred,,,,
206,osgeo-info:Info206,osgeo:ConceptInfo,owl:NamedIndividual,https://www.opengeospatial.org/acronyms,,preferred,,,,
207,osgeo-info:Info207,osgeo:ConceptInfo,owl:NamedIndividual,https://www.osgeo.org/initiatives/geo-for-all/geo-newsletters-archive/,,preferred,,,,
208,osgeo-info:Info208,osgeo:ConceptInfo,owl:NamedIndividual,https://geonetwork-opensource.org/manuals/2.10.4/eng/users/glossary.html,,preferred,,,,
209,osgeo-info:Info209,osgeo:ConceptInfo,owl:NamedIndividual,https://geonetwork-opensource.org/manuals/2.10.4/eng/users/glossary.html,,preferred,,,,
210,osgeo-info:Info210,osgeo:ConceptInfo,owl:NamedIndividual,https://geonetwork-opensource.org/manuals/2.10.4/eng/users/glossary.html,,preferred,,,,
211,osgeo-info:Info211,osgeo:ConceptInfo,owl:NamedIndividual,https://www.opengeospatial.org/acronyms,,preferred,,,,
212,osgeo-info:Info212,osgeo:ConceptInfo,owl:NamedIndividual,https://www.opengeospatial.org/acronyms,,preferred,,,,
213,osgeo-info:Info213,osgeo:ConceptInfo,owl:NamedIndividual,https://www.opengeospatial.org/acronyms,,preferred,,,,
214,osgeo-info:Info214,osgeo:ConceptInfo,owl:NamedIndividual,https://www.opengeospatial.org/acronyms,,preferred,,,,
215,osgeo-info:Info215,osgeo:ConceptInfo,owl:NamedIndividual,https://www.opengeospatial.org/acronyms,,preferred,,,,
216,osgeo-info:Info216,osgeo:ConceptInfo,owl:NamedIndividual,https://www.opengeospatial.org/acronyms,,preferred,,,,
217,osgeo-info:Info217,osgeo:ConceptInfo,owl:NamedIndividual,https://www.opengeospatial.org/acronyms,,preferred,,,,
218,osgeo-info:Info218,osgeo:ConceptInfo,owl:NamedIndividual,,oseo-source:ISO-19128-2005,preferred,,,,
219,osgeo-info:Info219,osgeo:ConceptInfo,owl:NamedIndividual,https://www.osgeo.org/initiatives/geo-for-all/geo-newsletters-archive/,,preferred,,,,
220,osgeo-info:Info220,osgeo:ConceptInfo,owl:NamedIndividual,https://www.osgeo.org/initiatives/geo-for-all/geo-newsletters-archive/,,preferred,,,,
221,osgeo-info:Info221,osgeo:ConceptInfo,owl:NamedIndividual,https://geonetwork-opensource.org/manuals/2.10.4/eng/users/glossary.html,,preferred,,,,
222,osgeo-info:Info222,osgeo:ConceptInfo,owl:NamedIndividual,https://www.osgeo.org/initiatives/geo-for-all/geo-newsletters-archive/,,preferred,,,,
223,osgeo-info:Info223,osgeo:ConceptInfo,owl:NamedIndividual,,oseo-source:ISO-19133-2005,preferred,,,,
224,osgeo-info:Info224,osgeo:ConceptInfo,owl:NamedIndividual,https://www.opengeospatial.org/acronyms,,preferred,,,,
225,osgeo-info:Info225,osgeo:ConceptInfo,owl:NamedIndividual,https://www.opengeospatial.org/acronyms,,preferred,,,,
226,osgeo-info:Info226,osgeo:ConceptInfo,owl:NamedIndividual,,,preferred,,,,
227,osgeo-info:Info227,osgeo:ConceptInfo,owl:NamedIndividual,,oseo-source:ISO-19111-2019,preferred,,,,
228,osgeo-info:Info228,osgeo:ConceptInfo,owl:NamedIndividual,https://mapserver.org/glossary.html,,preferred,,,,
229,osgeo-info:Info229,osgeo:ConceptInfo,owl:NamedIndividual,https://mapserver.org/glossary.html,,preferred,,,,
230,osgeo-info:Info230,osgeo:ConceptInfo,owl:NamedIndividual,https://www.osgeo.org/initiatives/geo-for-all/geo-newsletters-archive/,,preferred,,,,
231,osgeo-info:Info231,osgeo:ConceptInfo,owl:NamedIndividual,https://www.osgeo.org/initiatives/geo-for-all/geo-newsletters-archive/,,preferred,,,,
232,osgeo-info:Info232,osgeo:ConceptInfo,owl:NamedIndividual,https://mapserver.org/glossary.html,,preferred,,,,
233,osgeo-info:Info233,osgeo:ConceptInfo,owl:NamedIndividual,,oseo-source:ISO-19115-1-2014,preferred,,,,
234,osgeo-info:Info234,osgeo:ConceptInfo,owl:NamedIndividual,,oseo-source:ISO-19115-1-2014,preferred,,,,
235,osgeo-info:Info235,osgeo:ConceptInfo,owl:NamedIndividual,,oseo-source:ISO-19115-1-2014,preferred,,,,
236,osgeo-info:Info236,osgeo:ConceptInfo,owl:NamedIndividual,https://geonetwork-opensource.org/manuals/2.10.4/eng/users/glossary.html,,preferred,,,,
237,osgeo-info:Info237,osgeo:ConceptInfo,owl:NamedIndividual,https://www.opengeospatial.org/acronyms,,preferred,,,,
238,osgeo-info:Info238,osgeo:ConceptInfo,owl:NamedIndividual,https://www.opengeospatial.org/acronyms,,preferred,,,,
239,osgeo-info:Info239,osgeo:ConceptInfo,owl:NamedIndividual,https://www.opengeospatial.org/acronyms,,preferred,,,,
240,osgeo-info:Info240,osgeo:ConceptInfo,owl:NamedIndividual,,oseo-source:ISO-19136-2007,preferred,,,,
241,osgeo-info:Info241,osgeo:ConceptInfo,owl:NamedIndividual,,,preferred,,,,
242,osgeo-info:Info242,osgeo:ConceptInfo,owl:NamedIndividual,https://www.osgeo.org/initiatives/geo-for-all/geo-newsletters-archive/,,preferred,,,,
243,osgeo-info:Info243,osgeo:ConceptInfo,owl:NamedIndividual,https://www.osgeo.org/initiatives/geo-for-all/geo-newsletters-archive/,,preferred,,,,
244,osgeo-info:Info244,osgeo:ConceptInfo,owl:NamedIndividual,https://www.osgeo.org/initiatives/geo-for-all/geo-newsletters-archive/,,preferred,,,,
245,osgeo-info:Info245,osgeo:ConceptInfo,owl:NamedIndividual,https://www.osgeo.org/initiatives/geo-for-all/geo-newsletters-archive/,,preferred,,,,
246,osgeo-info:Info246,osgeo:ConceptInfo,owl:NamedIndividual,https://www.opengeospatial.org/acronyms,,preferred,,,,
247,osgeo-info:Info247,osgeo:ConceptInfo,owl:NamedIndividual,https://www.opengeospatial.org/acronyms,,preferred,,,,
248,osgeo-info:Info248,osgeo:ConceptInfo,owl:NamedIndividual,https://www.osgeo.org/initiatives/geo-for-all/geo-newsletters-archive/,,preferred,,,,
249,osgeo-info:Info249,osgeo:ConceptInfo,owl:NamedIndividual,https://www.opengeospatial.org/acronyms,,preferred,,,,
250,osgeo-info:Info250,osgeo:ConceptInfo,owl:NamedIndividual,https://www.osgeo.org/initiatives/geo-for-all/geo-newsletters-archive/,,preferred,,,,
251,osgeo-info:Info251,osgeo:ConceptInfo,owl:NamedIndividual,https://www.osgeo.org/initiatives/geo-for-all/geo-newsletters-archive/,,preferred,,,,
252,osgeo-info:Info252,osgeo:ConceptInfo,owl:NamedIndividual,https://www.opengeospatial.org/acronyms,,preferred,,,,
253,osgeo-info:Info253,osgeo:ConceptInfo,owl:NamedIndividual,https://www.opengeospatial.org/acronyms,,preferred,,,,
254,osgeo-info:Info254,osgeo:ConceptInfo,owl:NamedIndividual,https://www.unidata.ucar.edu/software/netcdf/,,preferred,,,,
255,osgeo-info:Info255,osgeo:ConceptInfo,owl:NamedIndividual,https://www.opengeospatial.org/acronyms,,preferred,,,,
256,osgeo-info:Info256,osgeo:ConceptInfo,owl:NamedIndividual,https://www.osgeo.org/initiatives/geo-for-all/geo-newsletters-archive/,,preferred,,,,
257,osgeo-info:Info257,osgeo:ConceptInfo,owl:NamedIndividual,,,preferred,,,,
258,osgeo-info:Info258,osgeo:ConceptInfo,owl:NamedIndividual,https://www.opengeospatial.org/acronyms,,preferred,,,,
259,osgeo-info:Info259,osgeo:ConceptInfo,owl:NamedIndividual,https://www.osgeo.org/initiatives/geo-for-all/geo-newsletters-archive/,,preferred,,,,
260,osgeo-info:Info260,osgeo:ConceptInfo,owl:NamedIndividual,https://www.opengeospatial.org/acronyms,,preferred,,,,
261,osgeo-info:Info261,osgeo:ConceptInfo,owl:NamedIndividual,https://www.opengeospatial.org/acronyms,,preferred,,,,
262,osgeo-info:Info262,osgeo:ConceptInfo,owl:NamedIndividual,https://geonetwork-opensource.org/manuals/2.10.4/eng/users/glossary.html,,preferred,,,,
263,osgeo-info:Info263,osgeo:ConceptInfo,owl:NamedIndividual,https://mapserver.org/glossary.html,,preferred,,,,
264,osgeo-info:Info264,osgeo:ConceptInfo,owl:NamedIndividual,https://www.opengeospatial.org/acronyms,,preferred,,,,
265,osgeo-info:Info265,osgeo:ConceptInfo,owl:NamedIndividual,https://www.opengeospatial.org/acronyms,,preferred,,,,
266,osgeo-info:Info266,osgeo:ConceptInfo,owl:NamedIndividual,https://www.opengeospatial.org/acronyms,,preferred,,,,
267,osgeo-info:Info267,osgeo:ConceptInfo,owl:NamedIndividual,https://www.opengeospatial.org/acronyms,,preferred,,,,
268,osgeo-info:Info268,osgeo:ConceptInfo,owl:NamedIndividual,https://www.opengeospatial.org/acronyms,,preferred,,,,
269,osgeo-info:Info269,osgeo:ConceptInfo,owl:NamedIndividual,https://www.opengeospatial.org/acronyms,,preferred,,,,
270,osgeo-info:Info270,osgeo:ConceptInfo,owl:NamedIndividual,https://www.opengeospatial.org/acronyms,,preferred,,,,
271,osgeo-info:Info271,osgeo:ConceptInfo,owl:NamedIndividual,https://www.opengeospatial.org/acronyms,,preferred,,,,
272,osgeo-info:Info272,osgeo:ConceptInfo,owl:NamedIndividual,https://www.opengeospatial.org/acronyms,,preferred,,,,
273,osgeo-info:Info273,osgeo:ConceptInfo,owl:NamedIndividual,https://www.opengeospatial.org/acronyms,,preferred,,,,
274,osgeo-info:Info274,osgeo:ConceptInfo,owl:NamedIndividual,https://www.opengeospatial.org/acronyms,,preferred,,,,
275,osgeo-info:Info275,osgeo:ConceptInfo,owl:NamedIndividual,https://www.opengeospatial.org/acronyms,,preferred,,,,
276,osgeo-info:Info276,osgeo:ConceptInfo,owl:NamedIndividual,https://www.opengeospatial.org/acronyms,,preferred,,,,
277,osgeo-info:Info277,osgeo:ConceptInfo,owl:NamedIndividual,https://www.opengeospatial.org/acronyms,,preferred,,,,
278,osgeo-info:Info278,osgeo:ConceptInfo,owl:NamedIndividual,https://www.opengeospatial.org/acronyms,,preferred,,,,
279,osgeo-info:Info279,osgeo:ConceptInfo,owl:NamedIndividual,https://www.opengeospatial.org/acronyms,,preferred,,,,
280,osgeo-info:Info280,osgeo:ConceptInfo,owl:NamedIndividual,https://mapserver.org/glossary.html,,preferred,,,,
281,osgeo-info:Info281,osgeo:ConceptInfo,owl:NamedIndividual,https://www.opengeospatial.org/acronyms,,preferred,,,,
282,osgeo-info:Info282,osgeo:ConceptInfo,owl:NamedIndividual,https://www.opengeospatial.org/acronyms,,preferred,,,,
283,osgeo-info:Info283,osgeo:ConceptInfo,owl:NamedIndividual,https://www.opengeospatial.org/acronyms,,preferred,,,,
284,osgeo-info:Info284,osgeo:ConceptInfo,owl:NamedIndividual,https://www.opengeospatial.org/acronyms,,preferred,,,,
285,osgeo-info:Info285,osgeo:ConceptInfo,owl:NamedIndividual,https://www.opengeospatial.org/acronyms,,preferred,,,,
286,osgeo-info:Info286,osgeo:ConceptInfo,owl:NamedIndividual,https://www.opengeospatial.org/acronyms,,preferred,,,,
287,osgeo-info:Info287,osgeo:ConceptInfo,owl:NamedIndividual,https://www.opengeospatial.org/acronyms,,preferred,,,,
288,osgeo-info:Info288,osgeo:ConceptInfo,owl:NamedIndividual,https://www.opengeospatial.org/acronyms,,preferred,,,,
289,osgeo-info:Info289,osgeo:ConceptInfo,owl:NamedIndividual,https://www.opengeospatial.org/acronyms,,preferred,,,,
290,osgeo-info:Info290,osgeo:ConceptInfo,owl:NamedIndividual,https://www.opengeospatial.org/acronyms,,preferred,,,,
291,osgeo-info:Info291,osgeo:ConceptInfo,owl:NamedIndividual,https://www.opengeospatial.org/acronyms,,preferred,,,,
292,osgeo-info:Info292,osgeo:ConceptInfo,owl:NamedIndividual,https://www.opengeospatial.org/acronyms,,preferred,,,,
293,osgeo-info:Info293,osgeo:ConceptInfo,owl:NamedIndividual,https://www.opengeospatial.org/acronyms,,preferred,,,,
294,osgeo-info:Info294,osgeo:ConceptInfo,owl:NamedIndividual,https://mapserver.org/glossary.html,,preferred,,,,
295,osgeo-info:Info295,osgeo:ConceptInfo,owl:NamedIndividual,https://www.opengeospatial.org/acronyms,,preferred,,,,
296,osgeo-info:Info296,osgeo:ConceptInfo,owl:NamedIndividual,https://www.opengeospatial.org/acronyms,,preferred,,,,
297,osgeo-info:Info297,osgeo:ConceptInfo,owl:NamedIndividual,https://www.opengeospatial.org/acronyms,,preferred,,,,
298,osgeo-info:Info298,osgeo:ConceptInfo,owl:NamedIndividual,https://www.opengeospatial.org/acronyms,,preferred,,,,
299,osgeo-info:Info299,osgeo:ConceptInfo,owl:NamedIndividual,https://www.opengeospatial.org/acronyms,,preferred,,,,
300,osgeo-info:Info300,osgeo:ConceptInfo,owl:NamedIndividual,https://www.opengeospatial.org/acronyms,,preferred,,,,
301,osgeo-info:Info301,osgeo:ConceptInfo,owl:NamedIndividual,https://www.opengeospatial.org/acronyms,,preferred,,,,
302,osgeo-info:Info302,osgeo:ConceptInfo,owl:NamedIndividual,https://mapserver.org/glossary.html,,preferred,,,,
303,osgeo-info:Info303,osgeo:ConceptInfo,owl:NamedIndividual,https://mapserver.org/glossary.html,,preferred,,,,
304,osgeo-info:Info304,osgeo:ConceptInfo,owl:NamedIndividual,https://mapserver.org/glossary.html,,preferred,,,,
305,osgeo-info:Info305,osgeo:ConceptInfo,owl:NamedIndividual,https://mapserver.org/glossary.html,,preferred,,,,
306,osgeo-info:Info306,osgeo:ConceptInfo,owl:NamedIndividual,https://www.opengeospatial.org/acronyms,,preferred,,,,
307,osgeo-info:Info307,osgeo:ConceptInfo,owl:NamedIndividual,https://www.opengeospatial.org/acronyms,,preferred,,,,
308,osgeo-info:Info308,osgeo:ConceptInfo,owl:NamedIndividual,https://www.opengeospatial.org/acronyms,,preferred,,,,
309,osgeo-info:Info309,osgeo:ConceptInfo,owl:NamedIndividual,https://www.opengeospatial.org/acronyms,,preferred,,,,
310,osgeo-info:Info310,osgeo:ConceptInfo,owl:NamedIndividual,https://www.opengeospatial.org/acronyms,,preferred,,,,
311,osgeo-info:Info311,osgeo:ConceptInfo,owl:NamedIndividual,https://www.opengeospatial.org/acronyms,,preferred,,,,
312,osgeo-info:Info312,osgeo:ConceptInfo,owl:NamedIndividual,https://mapserver.org/glossary.html,,preferred,,,,
313,osgeo-info:Info313,osgeo:ConceptInfo,owl:NamedIndividual,https://geonetwork-opensource.org/manuals/2.10.4/eng/users/glossary.html,,preferred,,,,
314,osgeo-info:Info314,osgeo:ConceptInfo,owl:NamedIndividual,https://www.osgeo.org/initiatives/geo-for-all/geo-newsletters-archive/,,preferred,,,,
315,osgeo-info:Info315,osgeo:ConceptInfo,owl:NamedIndividual,https://www.opengeospatial.org/acronyms,,preferred,,,,
316,osgeo-info:Info316,osgeo:ConceptInfo,owl:NamedIndividual,https://www.opengeospatial.org/acronyms,,preferred,,,,
317,osgeo-info:Info317,osgeo:ConceptInfo,owl:NamedIndividual,https://www.opengeospatial.org/acronyms,,preferred,,,,
318,osgeo-info:Info318,osgeo:ConceptInfo,owl:NamedIndividual,https://www.opengeospatial.org/acronyms,,preferred,,,,
319,osgeo-info:Info319,osgeo:ConceptInfo,owl:NamedIndividual,https://www.opengeospatial.org/acronyms,,preferred,,,,
320,osgeo-info:Info320,osgeo:ConceptInfo,owl:NamedIndividual,https://mapserver.org/glossary.html,,preferred,,,,
321,osgeo-info:Info321,osgeo:ConceptInfo,owl:NamedIndividual,https://www.opengeospatial.org/acronyms,,preferred,,,,
322,osgeo-info:Info322,osgeo:ConceptInfo,owl:NamedIndividual,https://www.osgeo.org/initiatives/geo-for-all/geo-newsletters-archive/,,preferred,,,,
323,osgeo-info:Info323,osgeo:ConceptInfo,owl:NamedIndividual,https://www.opengeospatial.org/acronyms,,preferred,,,,
324,osgeo-info:Info324,osgeo:ConceptInfo,owl:NamedIndividual,https://www.osgeo.org/initiatives/geo-for-all/geo-newsletters-archive/,,preferred,,,,
325,osgeo-info:Info325,osgeo:ConceptInfo,owl:NamedIndividual,https://www.osgeo.org/initiatives/geo-for-all/geo-newsletters-archive/,,preferred,,,,
326,osgeo-info:Info326,osgeo:ConceptInfo,owl:NamedIndividual,https://www.opengeospatial.org/acronyms,,preferred,,,,
327,osgeo-info:Info327,osgeo:ConceptInfo,owl:NamedIndividual,https://www.opengeospatial.org/acronyms,,preferred,,,,
328,osgeo-info:Info328,osgeo:ConceptInfo,owl:NamedIndividual,https://www.opengeospatial.org/acronyms,,preferred,,,,
329,osgeo-info:Info329,osgeo:ConceptInfo,owl:NamedIndividual,https://www.osgeo.org/initiatives/geo-for-all/geo-newsletters-archive/,,preferred,,,,
330,osgeo-info:Info330,osgeo:ConceptInfo,owl:NamedIndividual,https://www.opengeospatial.org/acronyms,,preferred,,,,
331,osgeo-info:Info331,osgeo:ConceptInfo,owl:NamedIndividual,https://www.opengeospatial.org/acronyms,,preferred,,,,
332,osgeo-info:Info332,osgeo:ConceptInfo,owl:NamedIndividual,https://www.opengeospatial.org/acronyms,,preferred,,,,
333,osgeo-info:Info333,osgeo:ConceptInfo,owl:NamedIndividual,https://mapserver.org/glossary.html,,preferred,,,,
334,osgeo-info:Info334,osgeo:ConceptInfo,owl:NamedIndividual,https://www.osgeo.org/initiatives/geo-for-all/geo-newsletters-archive/,,preferred,,,,
335,osgeo-info:Info335,osgeo:ConceptInfo,owl:NamedIndividual,https://www.osgeo.org/initiatives/geo-for-all/geo-newsletters-archive/,,preferred,,,,
336,osgeo-info:Info336,osgeo:ConceptInfo,owl:NamedIndividual,https://www.opengeospatial.org/acronyms,,preferred,,,,
337,osgeo-info:Info337,osgeo:ConceptInfo,owl:NamedIndividual,https://www.opengeospatial.org/acronyms,,preferred,,,,
338,osgeo-info:Info338,osgeo:ConceptInfo,owl:NamedIndividual,,oseo-source:ISO-19123-2005,preferred,,,,
339,osgeo-info:Info339,osgeo:ConceptInfo,owl:NamedIndividual,,,preferred,,,,
340,osgeo-info:Info340,osgeo:ConceptInfo,owl:NamedIndividual,,oseo-source:ISO-19111-2019,preferred,,,,
341,osgeo-info:Info341,osgeo:ConceptInfo,owl:NamedIndividual,https://www.opengeospatial.org/acronyms,,preferred,,,,
342,osgeo-info:Info342,osgeo:ConceptInfo,owl:NamedIndividual,https://www.osgeo.org/initiatives/geo-for-all/geo-newsletters-archive/,,preferred,,,,
343,osgeo-info:Info343,osgeo:ConceptInfo,owl:NamedIndividual,https://www.osgeo.org/initiatives/geo-for-all/geo-newsletters-archive/,,preferred,,,,
344,osgeo-info:Info344,osgeo:ConceptInfo,owl:NamedIndividual,https://www.opengeospatial.org/acronyms,,preferred,,,,
345,osgeo-info:Info345,osgeo:ConceptInfo,owl:NamedIndividual,https://www.opengeospatial.org/acronyms,,preferred,,,,
346,osgeo-info:Info346,osgeo:ConceptInfo,owl:NamedIndividual,https://www.opengeospatial.org/acronyms,,preferred,,,,
347,osgeo-info:Info347,osgeo:ConceptInfo,owl:NamedIndividual,https://www.opengeospatial.org/acronyms,,preferred,,,,
348,osgeo-info:Info348,osgeo:ConceptInfo,owl:NamedIndividual,https://www.opengeospatial.org/acronyms,,preferred,,,,
349,osgeo-info:Info349,osgeo:ConceptInfo,owl:NamedIndividual,https://www.opengeospatial.org/acronyms,,preferred,,,,
350,osgeo-info:Info350,osgeo:ConceptInfo,owl:NamedIndividual,https://www.opengeospatial.org/acronyms,,preferred,,,,
351,osgeo-info:Info351,osgeo:ConceptInfo,owl:NamedIndividual,https://www.opengeospatial.org/acronyms,,preferred,,,,
352,osgeo-info:Info352,osgeo:ConceptInfo,owl:NamedIndividual,https://www.opengeospatial.org/acronyms,,preferred,,,,
353,osgeo-info:Info353,osgeo:ConceptInfo,owl:NamedIndividual,https://www.osgeo.org/initiatives/geo-for-all/geo-newsletters-archive/,,preferred,,,,
354,osgeo-info:Info354,osgeo:ConceptInfo,owl:NamedIndividual,https://www.opengeospatial.org/acronyms,,preferred,,,,
355,osgeo-info:Info355,osgeo:ConceptInfo,owl:NamedIndividual,https://www.osgeo.org/initiatives/geo-for-all/geo-newsletters-archive/,,preferred,,,,
356,osgeo-info:Info356,osgeo:ConceptInfo,owl:NamedIndividual,https://www.opengeospatial.org/acronyms,,preferred,,,,
357,osgeo-info:Info357,osgeo:ConceptInfo,owl:NamedIndividual,,,preferred,,,,
358,osgeo-info:Info358,osgeo:ConceptInfo,owl:NamedIndividual,https://www.osgeo.org/initiatives/geo-for-all/geo-newsletters-archive/,,preferred,,,,
359,osgeo-info:Info359,osgeo:ConceptInfo,owl:NamedIndividual,https://www.opengeospatial.org/acronyms,,preferred,,,,
360,osgeo-info:Info360,osgeo:ConceptInfo,owl:NamedIndividual,https://www.opengeospatial.org/acronyms,,preferred,,,,
361,osgeo-info:Info361,osgeo:ConceptInfo,owl:NamedIndividual,https://geonetwork-opensource.org/manuals/2.10.4/eng/users/glossary.html,,preferred,,,,
362,osgeo-info:Info362,osgeo:ConceptInfo,owl:NamedIndividual,https://mapserver.org/glossary.html,,preferred,,,,
363,osgeo-info:Info363,osgeo:ConceptInfo,owl:NamedIndividual,https://geonetwork-opensource.org/manuals/2.10.4/eng/users/glossary.html,,preferred,,,,
364,osgeo-info:Info364,osgeo:ConceptInfo,owl:NamedIndividual,https://mapserver.org/glossary.html,,preferred,,,,
365,osgeo-info:Info365,osgeo:ConceptInfo,owl:NamedIndividual,https://www.osgeo.org/initiatives/geo-for-all/geo-newsletters-archive/,,preferred,,,,
366,osgeo-info:Info366,osgeo:ConceptInfo,owl:NamedIndividual,https://www.osgeo.org/initiatives/geo-for-all/geo-newsletters-archive/,,preferred,,,,
367,osgeo-info:Info367,osgeo:ConceptInfo,owl:NamedIndividual,https://www.opengeospatial.org/acronyms,,preferred,,,,
368,osgeo-info:Info368,osgeo:ConceptInfo,owl:NamedIndividual,https://www.opengeospatial.org/acronyms,,preferred,,,,
369,osgeo-info:Info369,osgeo:ConceptInfo,owl:NamedIndividual,https://www.opengeospatial.org/acronyms,,preferred,,,,
370,osgeo-info:Info370,osgeo:ConceptInfo,owl:NamedIndividual,https://www.w3.org/TR/skos-reference/,,preferred,,,,
371,osgeo-info:Info371,osgeo:ConceptInfo,owl:NamedIndividual,https://geonetwork-opensource.org/manuals/2.10.4/eng/users/glossary.html,,preferred,,,,
372,osgeo-info:Info372,osgeo:ConceptInfo,owl:NamedIndividual,https://geonetwork-opensource.org/manuals/2.10.4/eng/users/glossary.html,,preferred,,,,
373,osgeo-info:Info373,osgeo:ConceptInfo,owl:NamedIndividual,https://mapserver.org/glossary.html,,preferred,,,,
374,osgeo-info:Info374,osgeo:ConceptInfo,owl:NamedIndividual,https://www.opengeospatial.org/acronyms,,preferred,,,,
375,osgeo-info:Info375,osgeo:ConceptInfo,owl:NamedIndividual,https://www.osgeo.org/initiatives/geo-for-all/geo-newsletters-archive/,,preferred,,,,
376,osgeo-info:Info376,osgeo:ConceptInfo,owl:NamedIndividual,https://www.opengeospatial.org/acronyms,,preferred,,,,
377,osgeo-info:Info377,osgeo:ConceptInfo,owl:NamedIndividual,https://joinup.ec.europa.eu/sites/default/files/document/2011-12/gvsig-1_0-man-v1-en_01.pdf,,preferred,,,,
378,osgeo-info:Info378,osgeo:ConceptInfo,owl:NamedIndividual,https://www.opengeospatial.org/acronyms,,preferred,,,,
379,osgeo-info:Info379,osgeo:ConceptInfo,owl:NamedIndividual,https://www.opengeospatial.org/acronyms,,preferred,,,,
380,osgeo-info:Info380,osgeo:ConceptInfo,owl:NamedIndividual,,oseo-source:ISO-19155-2012,preferred,,,,
381,osgeo-info:Info381,osgeo:ConceptInfo,owl:NamedIndividual,https://www.opengeospatial.org/acronyms,,preferred,,,,
382,osgeo-info:Info382,osgeo:ConceptInfo,owl:NamedIndividual,https://www.opengeospatial.org/acronyms,,preferred,,,,
383,osgeo-info:Info383,osgeo:ConceptInfo,owl:NamedIndividual,,,preferred,,,,
384,osgeo-info:Info384,osgeo:ConceptInfo,owl:NamedIndividual,https://www.osgeo.org/initiatives/geo-for-all/geo-newsletters-archive/,,preferred,,,,
385,osgeo-info:Info385,osgeo:ConceptInfo,owl:NamedIndividual,,,preferred,,,,
386,osgeo-info:Info386,osgeo:ConceptInfo,owl:NamedIndividual,https://www.opengeospatial.org/acronyms,,preferred,,,,
387,osgeo-info:Info387,osgeo:ConceptInfo,owl:NamedIndividual,https://www.opengeospatial.org/acronyms,,preferred,,,,
388,osgeo-info:Info388,osgeo:ConceptInfo,owl:NamedIndividual,https://www.opengeospatial.org/acronyms,,preferred,,,,
389,osgeo-info:Info389,osgeo:ConceptInfo,owl:NamedIndividual,https://www.opengeospatial.org/acronyms,,preferred,,,,
390,osgeo-info:Info390,osgeo:ConceptInfo,owl:NamedIndividual,https://www.opengeospatial.org/acronyms,,preferred,,,,
391,osgeo-info:Info391,osgeo:ConceptInfo,owl:NamedIndividual,https://www.opengeospatial.org/acronyms,,preferred,,,,
392,osgeo-info:Info392,osgeo:ConceptInfo,owl:NamedIndividual,https://www.osgeo.org/initiatives/geo-for-all/geo-newsletters-archive/,,preferred,,,,
393,osgeo-info:Info393,osgeo:ConceptInfo,owl:NamedIndividual,https://www.opengeospatial.org/acronyms,,preferred,,,,
394,osgeo-info:Info394,osgeo:ConceptInfo,owl:NamedIndividual,https://www.opengeospatial.org/acronyms,,preferred,,,,
395,osgeo-info:Info395,osgeo:ConceptInfo,owl:NamedIndividual,https://www.opengeospatial.org/acronyms,,preferred,,,,
396,osgeo-info:Info396,osgeo:ConceptInfo,owl:NamedIndividual,https://www.opengeospatial.org/acronyms,,preferred,,,,
397,osgeo-info:Info397,osgeo:ConceptInfo,owl:NamedIndividual,https://www.opengeospatial.org/acronyms,,preferred,,,,
398,osgeo-info:Info398,osgeo:ConceptInfo,owl:NamedIndividual,https://www.opengeospatial.org/acronyms,,preferred,,,,
399,osgeo-info:Info399,osgeo:ConceptInfo,owl:NamedIndividual,https://geonetwork-opensource.org/manuals/2.10.4/eng/users/glossary.html,,preferred,,,,
400,osgeo-info:Info400,osgeo:ConceptInfo,owl:NamedIndividual,https://www.opengeospatial.org/acronyms,,preferred,,,,
401,osgeo-info:Info401,osgeo:ConceptInfo,owl:NamedIndividual,https://www.osgeo.org/initiatives/geo-for-all/geo-newsletters-archive/,,preferred,,,,
402,osgeo-info:Info402,osgeo:ConceptInfo,owl:NamedIndividual,http://www.osgeo.org/,,preferred,,,,
403,osgeo-info:Info403,osgeo:ConceptInfo,owl:NamedIndividual,https://mapserver.org/glossary.html,,preferred,,,,
404,osgeo-info:Info404,osgeo:ConceptInfo,owl:NamedIndividual,https://www.opengeospatial.org/acronyms,,preferred,,,,
405,osgeo-info:Info405,osgeo:ConceptInfo,owl:NamedIndividual,https://www.osgeo.org/initiatives/geo-for-all/geo-newsletters-archive/,,preferred,,,,
406,osgeo-info:Info406,osgeo:ConceptInfo,owl:NamedIndividual,https://www.osgeo.org/initiatives/geo-for-all/geo-newsletters-archive/,,preferred,,,,
407,osgeo-info:Info407,osgeo:ConceptInfo,owl:NamedIndividual,https://geonetwork-opensource.org/manuals/2.10.4/eng/users/glossary.html,,preferred,,,,
408,osgeo-info:Info408,osgeo:ConceptInfo,owl:NamedIndividual,https://www.opengeospatial.org/acronyms,,preferred,,,,
409,osgeo-info:Info409,osgeo:ConceptInfo,owl:NamedIndividual,https://geonetwork-opensource.org/manuals/2.10.4/eng/users/glossary.html,,preferred,,,,
410,osgeo-info:Info410,osgeo:ConceptInfo,owl:NamedIndividual,https://www.osgeo.org/initiatives/geo-for-all/geo-newsletters-archive/,,preferred,,,,
411,osgeo-info:Info411,osgeo:ConceptInfo,owl:NamedIndividual,https://geonetwork-opensource.org/manuals/2.10.4/eng/users/glossary.html,,preferred,,,,
412,osgeo-info:Info412,osgeo:ConceptInfo,owl:NamedIndividual,https://www.osgeo.org/initiatives/geo-for-all/geo-newsletters-archive/,,preferred,,,,
413,osgeo-info:Info413,osgeo:ConceptInfo,owl:NamedIndividual,https://www.opengeospatial.org/acronyms,,preferred,,,,
414,osgeo-info:Info414,osgeo:ConceptInfo,owl:NamedIndividual,https://www.opengeospatial.org/acronyms,,preferred,,,,
415,osgeo-info:Info415,osgeo:ConceptInfo,owl:NamedIndividual,https://geonetwork-opensource.org/manuals/2.10.4/eng/users/glossary.html,,preferred,,,,
416,osgeo-info:Info416,osgeo:ConceptInfo,owl:NamedIndividual,https://www.opengeospatial.org/acronyms,,preferred,,,,
417,osgeo-info:Info417,osgeo:ConceptInfo,owl:NamedIndividual,https://www.osgeo.org/initiatives/geo-for-all/geo-newsletters-archive/,,preferred,,,,
418,osgeo-info:Info418,osgeo:ConceptInfo,owl:NamedIndividual,https://mapserver.org/glossary.html,,preferred,,,,
419,osgeo-info:Info419,osgeo:ConceptInfo,owl:NamedIndividual,https://www.opengeospatial.org/acronyms,,preferred,,,,
420,osgeo-info:Info420,osgeo:ConceptInfo,owl:NamedIndividual,,,preferred,,,,
421,osgeo-info:Info421,osgeo:ConceptInfo,owl:NamedIndividual,https://www.opengeospatial.org/acronyms,,preferred,,,,
422,osgeo-info:Info422,osgeo:ConceptInfo,owl:NamedIndividual,https://www.osgeo.org/initiatives/geo-for-all/geo-newsletters-archive/,,preferred,,,,
423,osgeo-info:Info423,osgeo:ConceptInfo,owl:NamedIndividual,https://www.osgeo.org/initiatives/geo-for-all/geo-newsletters-archive/,,preferred,,,,
424,osgeo-info:Info424,osgeo:ConceptInfo,owl:NamedIndividual,https://www.osgeo.org/initiatives/geo-for-all/geo-newsletters-archive/,,preferred,,,,
425,osgeo-info:Info425,osgeo:ConceptInfo,owl:NamedIndividual,https://www.opengeospatial.org/acronyms,,preferred,,,,
426,osgeo-info:Info426,osgeo:ConceptInfo,owl:NamedIndividual,https://geonetwork-opensource.org/manuals/2.10.4/eng/users/glossary.html,,preferred,,,,
427,osgeo-info:Info427,osgeo:ConceptInfo,owl:NamedIndividual,https://www.opengeospatial.org/acronyms,,preferred,,,,
428,osgeo-info:Info428,osgeo:ConceptInfo,owl:NamedIndividual,https://www.osgeo.org/initiatives/geo-for-all/geo-newsletters-archive/,,preferred,,,,
429,osgeo-info:Info429,osgeo:ConceptInfo,owl:NamedIndividual,https://www.opengeospatial.org/acronyms,,preferred,,,,
430,osgeo-info:Info430,osgeo:ConceptInfo,owl:NamedIndividual,https://www.opengeospatial.org/acronyms,,preferred,,,,
431,osgeo-info:Info431,osgeo:ConceptInfo,owl:NamedIndividual,https://geonetwork-opensource.org/manuals/2.10.4/eng/users/glossary.html,,preferred,,,,
432,osgeo-info:Info432,osgeo:ConceptInfo,owl:NamedIndividual,https://www.opengeospatial.org/acronyms,,preferred,,,,
433,osgeo-info:Info433,osgeo:ConceptInfo,owl:NamedIndividual,https://www.opengeospatial.org/acronyms,,preferred,,,,
434,osgeo-info:Info434,osgeo:ConceptInfo,owl:NamedIndividual,https://www.opengeospatial.org/acronyms,,preferred,,,,
435,osgeo-info:Info435,osgeo:ConceptInfo,owl:NamedIndividual,https://www.opengeospatial.org/acronyms,,preferred,,,,
436,osgeo-info:Info436,osgeo:ConceptInfo,owl:NamedIndividual,https://www.opengeospatial.org/acronyms,,preferred,,,,
437,osgeo-info:Info437,osgeo:ConceptInfo,owl:NamedIndividual,,,preferred,,,,
438,osgeo-info:Info438,osgeo:ConceptInfo,owl:NamedIndividual,https://geonetwork-opensource.org/manuals/2.10.4/eng/users/glossary.html,,preferred,,,,
439,osgeo-info:Info439,osgeo:ConceptInfo,owl:NamedIndividual,https://www.osgeo.org/initiatives/geo-for-all/geo-newsletters-archive/,,preferred,,,,
440,osgeo-info:Info440,osgeo:ConceptInfo,owl:NamedIndividual,https://www.osgeo.org/initiatives/geo-for-all/geo-newsletters-archive/,,preferred,,,,
441,osgeo-info:Info441,osgeo:ConceptInfo,owl:NamedIndividual,https://www.opengeospatial.org/acronyms,,preferred,,,,
442,osgeo-info:Info442,osgeo:ConceptInfo,owl:NamedIndividual,https://www.opengeospatial.org/acronyms,,preferred,,,,
443,osgeo-info:Info443,osgeo:ConceptInfo,owl:NamedIndividual,https://geonetwork-opensource.org/manuals/2.10.4/eng/users/glossary.html,,preferred,,,,
444,osgeo-info:Info444,osgeo:ConceptInfo,owl:NamedIndividual,https://geonetwork-opensource.org/manuals/2.10.4/eng/users/glossary.html,,preferred,,,,